-- ============================================================================
-- SAMPLE DATA FILE: sd_02_plan_mgmt.sql
-- Run AFTER schema file: 02_schema_*.sql
-- ============================================================================

-- Sample data: plan_mgmt (plan, group, enrollment)

INSERT INTO plan_mgmt.plan (plan_id,plan_name,plan_type,network_type,individual_deductible,family_deductible,individual_oop_max,family_oop_max,requires_referrals,requires_prior_auth,effective_date,termination_date) VALUES
('PLN001','Plan HMO 1','HMO','Both',3000,6000,8000,16000,TRUE,TRUE,'2022-01-01',NULL),
('PLN002','Plan EPO 2','EPO','Both',500,1000,3500,7000,FALSE,TRUE,'2022-01-01',NULL),
('PLN003','Plan HDHP 3','HDHP','Both',500,1000,2500,5000,FALSE,FALSE,'2022-01-01',NULL),
('PLN004','Plan POS 4','POS','Both',1500,3000,6500,13000,FALSE,FALSE,'2022-01-01',NULL),
('PLN005','Plan PPO 5','PPO','Both',500,1000,2500,5000,FALSE,FALSE,'2022-01-01',NULL),
('PLN006','Plan HMO 6','HMO','Both',1000,2000,4000,8000,TRUE,TRUE,'2022-01-01',NULL),
('PLN007','Plan EPO 7','EPO','Both',2000,4000,7000,14000,FALSE,TRUE,'2022-01-01',NULL),
('PLN008','Plan HDHP 8','HDHP','Both',1500,3000,6500,13000,FALSE,FALSE,'2022-01-01',NULL),
('PLN009','Plan POS 9','POS','Both',2500,5000,5500,11000,FALSE,FALSE,'2022-01-01','2025-12-31'),
('PLN010','Plan PPO 10','PPO','Both',2000,4000,4000,8000,FALSE,FALSE,'2022-01-01','2025-12-31');

INSERT INTO plan_mgmt."group" (group_id,group_name,employer_name,group_type,member_count,effective_date,contact_name,contact_email,contact_phone) VALUES
('GRP001','Group 1',NULL,'Individual',26,'2020-01-01','Mary Johnson','contact1@group1.com','(830) 617-5583'),
('GRP002','Group 2',NULL,'Medicaid',496,'2020-01-01','John Williams','contact2@group2.com','(422) 654-8285'),
('GRP003','Group 3',NULL,'Medicare',288,'2020-01-01','Patricia Brown','contact3@group3.com','(571) 301-7018'),
('GRP004','Group 4',NULL,'Medicaid',107,'2020-01-01','Robert Jones','contact4@group4.com','(262) 607-5520'),
('GRP005','Group 5','State Agency','Commercial',338,'2020-01-01','Jennifer Garcia','contact5@group5.com','(293) 878-4475'),
('GRP006','Group 6','Acme Corp','Commercial',412,'2020-01-01','Michael Miller','contact6@group6.com','(541) 449-3063'),
('GRP007','Group 7',NULL,'Medicare',310,'2020-01-01','Linda Davis','contact7@group7.com','(270) 983-4394'),
('GRP008','Group 8',NULL,'Medicare',413,'2020-01-01','William Rodriguez','contact8@group8.com','(438) 536-3417'),
('GRP009','Group 9','City Hospital','Commercial',138,'2020-01-01','Barbara Martinez','contact9@group9.com','(348) 333-9850'),
('GRP010','Group 10',NULL,'Medicare',77,'2020-01-01','David Hernandez','contact10@group10.com','(312) 876-1422'),
('GRP011','Group 11','City Hospital','Commercial',18,'2020-01-01','Elizabeth Lopez','contact11@group11.com','(443) 802-6304'),
('GRP012','Group 12',NULL,'Medicare',389,'2020-01-01','Richard Gonzalez','contact12@group12.com','(471) 253-3076'),
('GRP013','Group 13',NULL,'Individual',253,'2020-01-01','Susan Wilson','contact13@group13.com','(738) 316-2041'),
('GRP014','Group 14',NULL,'Individual',313,'2020-01-01','Joseph Anderson','contact14@group14.com','(996) 570-9408'),
('GRP015','Group 15','State Agency','Commercial',382,'2020-01-01','Jessica Thomas','contact15@group15.com','(715) 426-1710'),
('GRP016','Group 16',NULL,'Medicaid',41,'2020-01-01','Thomas Taylor','contact16@group16.com','(669) 858-1510'),
('GRP017','Group 17',NULL,'Individual',261,'2020-01-01','Sarah Moore','contact17@group17.com','(611) 636-2768'),
('GRP018','Group 18',NULL,'Individual',321,'2020-01-01','Charles Jackson','contact18@group18.com','(275) 282-6277'),
('GRP019','Group 19',NULL,'Medicare',329,'2020-01-01','Karen Martin','contact19@group19.com','(267) 329-5505'),
('GRP020','Group 20',NULL,'Medicaid',160,'2020-01-01','Christopher Lee','contact20@group20.com','(590) 811-9692');

INSERT INTO plan_mgmt.enrollment (enrollment_id,member_id,plan_id,group_id,effective_date,termination_date,enrollment_status,subscriber_relationship,is_subscriber) VALUES
('ENR0001','MBR0001','PLN008','GRP017','2024-07-01',NULL,'Active','Self',TRUE),
('ENR0002','MBR0002','PLN009','GRP007','2023-08-01',NULL,'Active','Other',FALSE),
('ENR0003','MBR0003','PLN006','GRP015','2023-07-01',NULL,'Active','Child',FALSE),
('ENR0004','MBR0004','PLN007','GRP011','2022-06-01',NULL,'Active','Other',FALSE),
('ENR0005','MBR0005','PLN002','GRP003','2020-02-01',NULL,'Suspended','Self',TRUE),
('ENR0006','MBR0006','PLN006','GRP005','2024-01-01','2024-08-03','Terminated','Other',FALSE),
('ENR0007','MBR0007','PLN006','GRP014','2020-05-01',NULL,'Active','Child',FALSE),
('ENR0008','MBR0008','PLN002','GRP019','2024-04-01',NULL,'Active','Other',FALSE),
('ENR0009','MBR0009','PLN004','GRP004','2022-09-01','2023-03-27','Terminated','Child',FALSE),
('ENR0010','MBR0010','PLN010','GRP008','2023-09-01',NULL,'Active','Child',FALSE),
('ENR0011','MBR0011','PLN001','GRP006','2022-12-01',NULL,'Active','Child',FALSE),
('ENR0012','MBR0012','PLN006','GRP001','2021-03-01',NULL,'Suspended','Self',TRUE),
('ENR0013','MBR0013','PLN003','GRP001','2020-12-01',NULL,'Active','Other',FALSE),
('ENR0014','MBR0014','PLN007','GRP015','2022-03-01','2023-04-14','Terminated','Child',FALSE),
('ENR0015','MBR0015','PLN010','GRP020','2020-01-01',NULL,'Active','Spouse',FALSE),
('ENR0016','MBR0016','PLN010','GRP002','2020-05-01',NULL,'Pending','Other',FALSE),
('ENR0017','MBR0017','PLN008','GRP020','2023-07-01',NULL,'Active','Spouse',FALSE),
('ENR0018','MBR0018','PLN009','GRP004','2022-07-01',NULL,'Active','Child',FALSE),
('ENR0019','MBR0019','PLN010','GRP016','2024-11-01',NULL,'Active','Self',TRUE),
('ENR0020','MBR0020','PLN004','GRP013','2024-01-01',NULL,'Active','Spouse',FALSE),
('ENR0021','MBR0021','PLN005','GRP007','2021-05-01',NULL,'Active','Child',FALSE),
('ENR0022','MBR0022','PLN002','GRP001','2023-12-01',NULL,'Suspended','Spouse',FALSE),
('ENR0023','MBR0023','PLN003','GRP013','2024-12-01',NULL,'Active','Child',FALSE),
('ENR0024','MBR0024','PLN002','GRP013','2020-07-01',NULL,'Active','Other',FALSE),
('ENR0025','MBR0025','PLN002','GRP011','2024-07-01',NULL,'Suspended','Other',FALSE),
('ENR0026','MBR0026','PLN005','GRP004','2023-01-01','2023-09-23','Terminated','Other',FALSE),
('ENR0027','MBR0027','PLN006','GRP003','2023-02-01',NULL,'Active','Other',FALSE),
('ENR0028','MBR0028','PLN010','GRP013','2024-02-01',NULL,'Suspended','Child',FALSE),
('ENR0029','MBR0029','PLN006','GRP008','2022-03-01',NULL,'Active','Self',TRUE),
('ENR0030','MBR0030','PLN009','GRP017','2021-06-01','2022-01-28','Terminated','Spouse',FALSE),
('ENR0031','MBR0031','PLN002','GRP005','2022-04-01',NULL,'Active','Spouse',FALSE),
('ENR0032','MBR0032','PLN002','GRP006','2023-08-01',NULL,'Pending','Child',FALSE),
('ENR0033','MBR0033','PLN006','GRP005','2023-02-01',NULL,'Pending','Other',FALSE),
('ENR0034','MBR0034','PLN005','GRP009','2024-01-01','2025-09-01','Terminated','Self',TRUE),
('ENR0035','MBR0035','PLN005','GRP015','2023-01-01',NULL,'Active','Child',FALSE),
('ENR0036','MBR0036','PLN005','GRP003','2020-10-01',NULL,'Suspended','Other',FALSE),
('ENR0037','MBR0037','PLN010','GRP018','2020-08-01',NULL,'Active','Child',FALSE),
('ENR0038','MBR0038','PLN010','GRP016','2024-03-01',NULL,'Active','Other',FALSE),
('ENR0039','MBR0039','PLN002','GRP011','2020-09-01',NULL,'Active','Self',TRUE),
('ENR0040','MBR0040','PLN004','GRP015','2023-09-01',NULL,'Active','Child',FALSE),
('ENR0041','MBR0041','PLN006','GRP010','2023-07-01','2025-06-02','Terminated','Self',TRUE),
('ENR0042','MBR0042','PLN006','GRP003','2022-02-01',NULL,'Suspended','Child',FALSE),
('ENR0043','MBR0043','PLN005','GRP020','2021-06-01',NULL,'Active','Spouse',FALSE),
('ENR0044','MBR0044','PLN006','GRP010','2023-03-01',NULL,'Active','Child',FALSE),
('ENR0045','MBR0045','PLN009','GRP013','2022-03-01',NULL,'Active','Other',FALSE),
('ENR0046','MBR0046','PLN009','GRP012','2020-06-01',NULL,'Active','Spouse',FALSE),
('ENR0047','MBR0047','PLN004','GRP011','2023-04-01',NULL,'Active','Spouse',FALSE),
('ENR0048','MBR0048','PLN003','GRP003','2022-02-01',NULL,'Active','Child',FALSE),
('ENR0049','MBR0049','PLN010','GRP005','2024-07-01',NULL,'Active','Spouse',FALSE),
('ENR0050','MBR0050','PLN003','GRP020','2021-12-01',NULL,'Pending','Self',TRUE),
('ENR0051','MBR0051','PLN007','GRP012','2021-08-01',NULL,'Active','Other',FALSE),
('ENR0052','MBR0052','PLN004','GRP018','2021-05-01',NULL,'Pending','Spouse',FALSE),
('ENR0053','MBR0053','PLN006','GRP019','2023-08-01',NULL,'Active','Other',FALSE),
('ENR0054','MBR0054','PLN009','GRP017','2023-03-01',NULL,'Active','Spouse',FALSE),
('ENR0055','MBR0055','PLN005','GRP002','2023-06-01',NULL,'Active','Self',TRUE),
('ENR0056','MBR0056','PLN005','GRP003','2021-05-01',NULL,'Pending','Spouse',FALSE),
('ENR0057','MBR0057','PLN007','GRP003','2021-08-01','2021-11-26','Terminated','Other',FALSE),
('ENR0058','MBR0058','PLN001','GRP013','2024-06-01',NULL,'Active','Other',FALSE),
('ENR0059','MBR0059','PLN002','GRP012','2021-01-01','2021-07-11','Terminated','Child',FALSE),
('ENR0060','MBR0060','PLN003','GRP005','2020-05-01',NULL,'Pending','Spouse',FALSE),
('ENR0061','MBR0061','PLN008','GRP015','2024-01-01',NULL,'Active','Self',TRUE),
('ENR0062','MBR0062','PLN005','GRP007','2021-09-01',NULL,'Suspended','Self',TRUE),
('ENR0063','MBR0063','PLN005','GRP008','2022-02-01',NULL,'Active','Spouse',FALSE),
('ENR0064','MBR0064','PLN007','GRP020','2023-02-01',NULL,'Active','Other',FALSE),
('ENR0065','MBR0065','PLN010','GRP018','2020-11-01',NULL,'Active','Spouse',FALSE),
('ENR0066','MBR0066','PLN005','GRP014','2020-10-01','2021-09-02','Terminated','Other',FALSE),
('ENR0067','MBR0067','PLN003','GRP003','2024-06-01',NULL,'Active','Self',TRUE),
('ENR0068','MBR0068','PLN007','GRP016','2020-11-01',NULL,'Suspended','Child',FALSE),
('ENR0069','MBR0069','PLN005','GRP001','2022-02-01','2023-01-03','Terminated','Self',TRUE),
('ENR0070','MBR0070','PLN010','GRP011','2021-01-01','2022-10-12','Terminated','Child',FALSE),
('ENR0071','MBR0071','PLN003','GRP015','2023-11-01',NULL,'Active','Spouse',FALSE),
('ENR0072','MBR0072','PLN002','GRP015','2020-05-01',NULL,'Active','Self',TRUE),
('ENR0073','MBR0073','PLN004','GRP002','2022-05-01',NULL,'Suspended','Other',FALSE),
('ENR0074','MBR0074','PLN005','GRP002','2021-05-01','2021-09-16','Terminated','Child',FALSE),
('ENR0075','MBR0075','PLN005','GRP004','2022-07-01',NULL,'Suspended','Other',FALSE),
('ENR0076','MBR0076','PLN007','GRP011','2021-08-01',NULL,'Pending','Child',FALSE),
('ENR0077','MBR0077','PLN009','GRP009','2020-12-01',NULL,'Suspended','Self',TRUE),
('ENR0078','MBR0078','PLN007','GRP020','2021-09-01',NULL,'Active','Child',FALSE),
('ENR0079','MBR0079','PLN002','GRP003','2022-11-01',NULL,'Active','Child',FALSE),
('ENR0080','MBR0080','PLN008','GRP020','2023-03-01',NULL,'Pending','Child',FALSE),
('ENR0081','MBR0081','PLN008','GRP002','2022-10-01',NULL,'Suspended','Child',FALSE),
('ENR0082','MBR0082','PLN001','GRP003','2023-06-01',NULL,'Active','Self',TRUE),
('ENR0083','MBR0083','PLN003','GRP020','2023-01-01',NULL,'Active','Self',TRUE),
('ENR0084','MBR0084','PLN004','GRP012','2022-07-01',NULL,'Active','Spouse',FALSE),
('ENR0085','MBR0085','PLN008','GRP012','2022-08-01',NULL,'Active','Spouse',FALSE),
('ENR0086','MBR0086','PLN009','GRP012','2023-06-01',NULL,'Active','Spouse',FALSE),
('ENR0087','MBR0087','PLN002','GRP001','2021-08-01',NULL,'Suspended','Self',TRUE),
('ENR0088','MBR0088','PLN005','GRP009','2023-04-01',NULL,'Active','Other',FALSE),
('ENR0089','MBR0089','PLN004','GRP004','2021-02-01',NULL,'Pending','Spouse',FALSE),
('ENR0090','MBR0090','PLN008','GRP003','2022-11-01','2023-04-06','Terminated','Child',FALSE),
('ENR0091','MBR0091','PLN005','GRP006','2021-06-01',NULL,'Active','Self',TRUE),
('ENR0092','MBR0092','PLN004','GRP005','2021-08-01',NULL,'Active','Child',FALSE),
('ENR0093','MBR0093','PLN009','GRP019','2022-08-01',NULL,'Active','Self',TRUE),
('ENR0094','MBR0094','PLN002','GRP010','2023-12-01',NULL,'Pending','Other',FALSE),
('ENR0095','MBR0095','PLN007','GRP019','2020-03-01','2020-08-13','Terminated','Other',FALSE),
('ENR0096','MBR0096','PLN008','GRP017','2022-03-01',NULL,'Active','Spouse',FALSE),
('ENR0097','MBR0097','PLN007','GRP017','2020-02-01',NULL,'Active','Child',FALSE),
('ENR0098','MBR0098','PLN003','GRP006','2022-12-01',NULL,'Active','Child',FALSE),
('ENR0099','MBR0099','PLN009','GRP010','2020-05-01',NULL,'Active','Child',FALSE),
('ENR0100','MBR0100','PLN003','GRP010','2024-09-01',NULL,'Active','Spouse',FALSE);
