-- ============================================================================
-- SAMPLE DATA FILE: sd_08_callcenter.sql
-- Run AFTER schema file: 08_schema_*.sql
-- ============================================================================

-- Sample data: callcenter (agent, queue, call, call_queue_entry, call_interaction, call_notes, escalation, callback_request, ivr_session)

INSERT INTO callcenter.agent (agent_id,first_name,last_name,email,employee_id,agent_type,active,hire_date,avg_handle_time,avg_csat_score,calls_handled_total,skills,languages) VALUES
('AGT002','Mary','Johnson','mary.johnson@callcenter.com','EMP0002','Human',TRUE,'2018-04-13',224.09,4.62,4681,'["Claims","Benefits","Enrollment","Billing","Provider Search"]','["English"]'),
('AGT003','John','Williams','john.williams@callcenter.com','EMP0003','Human',TRUE,'2022-02-27',346.18,4.22,3418,'["Claims","Benefits","Enrollment","Billing","Provider Search"]','["English","Spanish"]'),
('AGT004','Patricia','Brown','patricia.brown@callcenter.com','EMP0004','Human',TRUE,'2021-03-02',372.8,4.47,1695,'["Claims","Benefits","Enrollment","Billing","Provider Search"]','["English"]'),
('AGT005','Robert','Jones','robert.jones@callcenter.com','EMP0005','Human',TRUE,'2020-02-04',198.67,4.4,2848,'["Claims","Benefits","Enrollment","Billing","Provider Search"]','["English"]'),
('AGT006','Jennifer','Garcia','jennifer.garcia@callcenter.com','EMP0006','Human',TRUE,'2018-04-10',219.06,3.66,1835,'["Claims","Benefits","Enrollment","Billing","Provider Search"]','["English","Spanish"]'),
('AGT007','Michael','Miller','michael.miller@callcenter.com','EMP0007','Human',TRUE,'2022-01-25',398.32,3.78,1752,'["Claims","Benefits","Enrollment","Billing","Provider Search"]','["English"]'),
('AGT008','Linda','Davis','linda.davis@callcenter.com','EMP0008','Human',TRUE,'2023-01-08',244.6,4.96,4726,'["Claims","Benefits","Enrollment","Billing","Provider Search"]','["English"]'),
('AGT009','William','Rodriguez','william.rodriguez@callcenter.com','EMP0009','Human',TRUE,'2018-10-26',296.11,3.57,863,'["Claims","Benefits","Enrollment","Billing","Provider Search"]','["English","Spanish"]'),
('AGT010','Barbara','Martinez','barbara.martinez@callcenter.com','EMP0010','Human',TRUE,'2020-01-12',360.4,4.94,4197,'["Claims","Benefits","Enrollment","Billing","Provider Search"]','["English"]'),
('AGT011','David','Hernandez','david.hernandez@callcenter.com','EMP0011','Human',TRUE,'2019-06-25',273.75,4.03,1161,'["Claims","Benefits","Enrollment","Billing","Provider Search"]','["English"]'),
('AGT012','Elizabeth','Lopez','elizabeth.lopez@callcenter.com','EMP0012','Human',TRUE,'2023-11-04',259.52,4.84,4225,'["Claims","Benefits","Enrollment","Billing","Provider Search"]','["English","Spanish"]'),
('AGT013','Richard','Gonzalez','richard.gonzalez@callcenter.com','EMP0013','Human',TRUE,'2018-09-26',366.01,3.54,3230,'["Claims","Benefits","Enrollment","Billing","Provider Search"]','["English"]'),
('AGT014','Susan','Wilson','susan.wilson@callcenter.com','EMP0014','Human',TRUE,'2021-10-28',384.49,3.94,1341,'["Claims","Benefits","Enrollment","Billing","Provider Search"]','["English"]'),
('AGT015','Joseph','Anderson','joseph.anderson@callcenter.com','EMP0015','Human',TRUE,'2023-08-03',392.45,3.64,1997,'["Claims","Benefits","Enrollment","Billing","Provider Search"]','["English","Spanish"]'),
('AGT016','Jessica','Thomas','jessica.thomas@callcenter.com','EMP0016','Human',TRUE,'2019-11-21',213.81,4.58,4209,'["Claims","Benefits","Enrollment","Billing","Provider Search"]','["English"]'),
('AGT017','Thomas','Taylor','thomas.taylor@callcenter.com','EMP0017','Human',TRUE,'2022-12-20',336.33,4.9,2896,'["Claims","Benefits","Enrollment","Billing","Provider Search"]','["English"]'),
('AGT018','Sarah','Moore','sarah.moore@callcenter.com','EMP0018','Human',TRUE,'2021-03-11',249.8,4.44,3629,'["Claims","Benefits","Enrollment","Billing","Provider Search"]','["English","Spanish"]'),
('AGT019','Charles','Jackson','charles.jackson@callcenter.com','EMP0019','Human',TRUE,'2018-12-25',343.89,3.86,714,'["Claims","Benefits","Enrollment","Billing","Provider Search"]','["English"]'),
('AGT020','Karen','Martin','karen.martin@callcenter.com','EMP0020','Human',TRUE,'2019-10-21',418.66,3.65,222,'["Claims","Benefits","Enrollment","Billing","Provider Search"]','["English"]');

INSERT INTO callcenter.queue (queue_id,queue_name,queue_type,priority,current_wait_count,avg_wait_time_seconds,active) VALUES
('QUE001','General Queue','General',1,4,188,TRUE),
('QUE002','Claims Queue','Claims',2,17,74,TRUE),
('QUE003','Benefits Queue','Benefits',3,15,78,TRUE),
('QUE004','Billing Queue','Billing',4,14,190,TRUE),
('QUE005','Technical Queue','Technical',5,5,181,TRUE),
('QUE006','Enrollment Queue','Enrollment',6,5,64,TRUE),
('QUE007','Pharmacy Queue','Pharmacy',7,8,216,TRUE),
('QUE008','Provider Queue','Provider',8,11,75,TRUE),
('QUE009','Appeals Queue','Appeals',9,2,121,TRUE),
('QUE010','Nurse Line Queue','Nurse',10,14,162,TRUE);

INSERT INTO callcenter.call (call_id,member_id,agent_id,call_start_time,call_end_time,duration_seconds,call_type,call_direction,phone_number,disposition,resolution_status,transferred,transfer_reason,sentiment_score,csat_score,recording_url) VALUES
('CALL0001','MBR0061','AGT009','2025-11-05 09:36:00','2025-11-05 08:23:00',1059,'Inbound','Member to Plan','(610) 618-3113','Resolved','Required Follow-up',FALSE,NULL,0.25,2.25,NULL),
('CALL0002','MBR0011','AGT014','2025-05-22 08:39:00','2025-05-22 11:44:00',176,'Inbound','Member to Plan','(358) 307-5762','Resolved','Resolved First Call',FALSE,NULL,0.71,1.89,NULL),
('CALL0003','MBR0060','AGT003','2025-08-15 16:57:00','2025-08-15 09:05:00',1012,'Inbound','Member to Plan','(949) 310-7503','Resolved','Resolved First Call',FALSE,NULL,-0.87,2.37,NULL),
('CALL0004','MBR0078','AGT016','2024-12-24 15:07:00','2024-12-24 15:02:00',630,'Inbound','Member to Plan','(681) 349-4497','Resolved','Pending',TRUE,'Member requested specialist',0.2,2.52,NULL),
('CALL0005','MBR0047','AGT014','2025-04-02 11:55:00','2025-04-02 14:17:00',106,'Inbound','Member to Plan','(850) 380-2369','Escalated','Resolved First Call',FALSE,NULL,-0.84,4.5,NULL),
('CALL0006','MBR0058','AGT014','2024-11-09 10:53:00','2024-11-09 09:57:00',170,'Outbound','Plan to Member','(550) 971-5864','Escalated','Resolved First Call',FALSE,NULL,-0.16,2.9,NULL),
('CALL0007','MBR0089','AGT006','2025-06-23 17:24:00','2025-06-23 16:50:00',80,'Inbound','Member to Plan','(279) 940-3369','Resolved','Pending',FALSE,NULL,0.88,3.97,NULL),
('CALL0008','MBR0095','AGT011','2024-03-15 10:31:00','2024-03-15 09:50:00',708,'Outbound','Plan to Member','(469) 733-1060','Resolved','Resolved First Call',FALSE,NULL,0.28,3.31,NULL),
('CALL0009','MBR0005','AGT007','2024-07-23 16:49:00','2024-07-23 17:24:00',400,'Inbound','Member to Plan','(556) 414-4131','Resolved','Required Follow-up',FALSE,NULL,-0.97,4.59,NULL),
('CALL0010','MBR0065','AGT004','2025-11-15 14:26:00','2025-11-15 13:53:00',780,'Outbound','Plan to Member','(735) 983-6502','Transferred','Resolved First Call',FALSE,NULL,-0.25,3.21,NULL),
('CALL0011','MBR0021','AGT018','2025-07-10 14:40:00','2025-07-10 17:59:00',640,'Inbound','Member to Plan','(289) 306-2468','Resolved','Pending',FALSE,NULL,-0.79,4.0,NULL),
('CALL0012','MBR0080','AGT018','2024-11-15 16:37:00','2024-11-15 12:54:00',126,'Outbound','Plan to Member','(416) 428-8448','Resolved','Resolved First Call',TRUE,'Member requested specialist',-0.06,1.5,NULL),
('CALL0013','MBR0060','AGT014','2025-01-12 11:32:00','2025-01-12 12:56:00',640,'Inbound','Member to Plan','(514) 624-4957','Resolved','Required Follow-up',TRUE,'Member requested specialist',-0.95,4.16,NULL),
('CALL0014','MBR0067','AGT020','2025-06-06 17:27:00','2025-06-06 16:25:00',555,'Inbound','Member to Plan','(831) 859-7444','Resolved','Pending',FALSE,NULL,0.88,2.56,NULL),
('CALL0015','MBR0094','AGT006','2025-06-17 10:27:00','2025-06-17 09:45:00',533,'Inbound','Member to Plan','(716) 321-7422','Voicemail','Pending',TRUE,'Member requested specialist',-0.36,1.37,NULL),
('CALL0016','MBR0004','AGT014','2024-11-25 17:09:00','2024-11-25 17:45:00',116,'Inbound','Member to Plan','(785) 591-1414','Escalated','Required Follow-up',FALSE,NULL,0.56,1.75,NULL),
('CALL0017','MBR0084','AGT008','2025-04-18 11:46:00','2025-04-18 12:42:00',834,'Inbound','Member to Plan','(481) 284-3355','Resolved','Pending',FALSE,NULL,0.73,1.44,NULL),
('CALL0018','MBR0077','AGT004','2024-03-10 12:57:00','2024-03-10 09:04:00',429,'Outbound','Plan to Member','(570) 412-7402','Transferred','Required Follow-up',FALSE,NULL,-0.17,2.95,NULL),
('CALL0019','MBR0081','AGT003','2024-11-14 14:56:00','2024-11-14 15:51:00',702,'Inbound','Member to Plan','(384) 505-1166','Escalated','Pending',FALSE,NULL,0.21,1.13,NULL),
('CALL0020','MBR0044','AGT012','2025-10-20 16:00:00','2025-10-20 16:47:00',384,'Inbound','Member to Plan','(324) 397-1484','Resolved','Pending',FALSE,NULL,-0.7,4.47,NULL),
('CALL0021','MBR0015','AGT007','2024-06-05 11:05:00','2024-06-05 12:17:00',319,'Outbound','Plan to Member','(404) 294-6710','Voicemail','Required Follow-up',FALSE,NULL,-0.01,3.05,NULL),
('CALL0022','MBR0052','AGT007','2025-03-07 12:25:00','2025-03-07 17:50:00',270,'Inbound','Member to Plan','(369) 410-8992','Resolved','Required Follow-up',FALSE,NULL,0.49,4.26,NULL),
('CALL0023','MBR0080','AGT004','2025-07-07 17:22:00','2025-07-07 09:28:00',825,'Inbound','Member to Plan','(234) 723-5146','Resolved','Required Follow-up',FALSE,NULL,0.75,4.8,NULL),
('CALL0024','MBR0068','AGT012','2025-01-04 10:51:00','2025-01-04 14:50:00',720,'Inbound','Member to Plan','(566) 451-2190','Abandoned','Pending',FALSE,NULL,-0.71,2.26,NULL),
('CALL0025','MBR0002','AGT011','2024-12-11 11:29:00','2024-12-11 11:35:00',718,'Inbound','Member to Plan','(594) 490-4476','Abandoned','Resolved First Call',FALSE,NULL,0.43,4.79,NULL),
('CALL0026','MBR0086','AGT003','2025-11-25 14:20:00','2025-11-25 11:12:00',715,'Inbound','Member to Plan','(705) 710-1766','Voicemail','Required Follow-up',TRUE,'Member requested specialist',-0.09,3.41,NULL),
('CALL0027','MBR0076','AGT013','2024-10-01 12:01:00','2024-10-01 15:18:00',69,'Inbound','Member to Plan','(612) 237-9740','Resolved','Required Follow-up',FALSE,NULL,-0.86,1.38,NULL),
('CALL0028','MBR0054','AGT010','2025-06-25 13:25:00','2025-06-25 16:49:00',223,'Inbound','Member to Plan','(705) 827-1771','Resolved','Required Follow-up',FALSE,NULL,-0.09,4.39,NULL),
('CALL0029','MBR0016','AGT012','2024-01-08 08:52:00','2024-01-08 10:06:00',81,'Inbound','Member to Plan','(904) 941-8138','Abandoned','Resolved First Call',TRUE,'Member requested specialist',0.45,4.25,NULL),
('CALL0030','MBR0069','AGT001','2024-05-26 08:07:00','2024-05-26 12:04:00',158,'Inbound','Member to Plan','(537) 904-7218','Voicemail','Pending',TRUE,'Member requested specialist',-0.72,2.84,NULL),
('CALL0031','MBR0017','AGT011','2024-10-28 14:40:00','2024-10-28 09:33:00',975,'Inbound','Member to Plan','(791) 689-9029','Voicemail','Required Follow-up',FALSE,NULL,-0.03,1.37,NULL),
('CALL0032','MBR0099','AGT010','2024-06-18 11:42:00','2024-06-18 09:04:00',481,'Outbound','Plan to Member','(261) 417-1215','Abandoned','Required Follow-up',FALSE,NULL,-0.62,1.42,NULL),
('CALL0033','MBR0027','AGT019','2025-05-23 15:41:00','2025-05-23 16:06:00',375,'Inbound','Member to Plan','(424) 572-7317','Resolved','Pending',FALSE,NULL,0.56,1.75,NULL),
('CALL0034','MBR0036','AGT014','2024-11-10 17:41:00','2024-11-10 10:29:00',269,'Inbound','Member to Plan','(962) 312-4941','Resolved','Required Follow-up',TRUE,'Member requested specialist',-0.94,3.65,NULL),
('CALL0035','MBR0058','AGT012','2025-02-18 09:22:00','2025-02-18 11:09:00',943,'Outbound','Plan to Member','(714) 641-9321','Resolved','Resolved First Call',FALSE,NULL,-0.26,1.2,NULL),
('CALL0036','MBR0049','AGT014','2024-05-07 14:11:00','2024-05-07 16:38:00',625,'Outbound','Plan to Member','(731) 643-2788','Resolved','Pending',FALSE,NULL,-0.78,1.46,NULL),
('CALL0037','MBR0005','AGT019','2025-04-03 16:06:00','2025-04-03 11:56:00',624,'Outbound','Plan to Member','(601) 602-2659','Abandoned','Pending',FALSE,NULL,0.38,2.98,NULL),
('CALL0038','MBR0022','AGT007','2025-11-10 17:18:00','2025-11-10 09:11:00',66,'Outbound','Plan to Member','(956) 512-4909','Escalated','Required Follow-up',FALSE,NULL,-0.67,2.33,NULL),
('CALL0039','MBR0059','AGT005','2024-11-16 14:21:00','2024-11-16 10:16:00',102,'Inbound','Member to Plan','(374) 895-1159','Resolved','Required Follow-up',FALSE,NULL,-0.02,1.99,NULL),
('CALL0040','MBR0015','AGT002','2024-10-22 12:53:00','2024-10-22 16:32:00',527,'Inbound','Member to Plan','(973) 350-2538','Transferred','Required Follow-up',FALSE,NULL,-0.33,2.96,NULL),
('CALL0041','MBR0045','AGT018','2025-11-16 12:23:00','2025-11-16 08:52:00',999,'Inbound','Member to Plan','(508) 927-6467','Resolved','Resolved First Call',FALSE,NULL,0.04,3.56,NULL),
('CALL0042','MBR0019','AGT014','2024-11-05 13:31:00','2024-11-05 11:36:00',123,'Outbound','Plan to Member','(568) 411-2462','Abandoned','Required Follow-up',FALSE,NULL,0.93,4.51,NULL),
('CALL0043','MBR0087','AGT018','2025-09-06 12:58:00','2025-09-06 13:25:00',774,'Outbound','Plan to Member','(482) 516-4122','Resolved','Pending',FALSE,NULL,-0.31,3.45,NULL),
('CALL0044','MBR0056','AGT015','2025-05-04 08:31:00','2025-05-04 15:43:00',361,'Inbound','Member to Plan','(735) 496-3664','Voicemail','Required Follow-up',FALSE,NULL,0.6,1.06,NULL),
('CALL0045','MBR0006','AGT007','2025-10-04 08:31:00','2025-10-04 08:27:00',686,'Inbound','Member to Plan','(876) 200-1817','Voicemail','Resolved First Call',FALSE,NULL,-0.43,4.44,NULL),
('CALL0046','MBR0086','AGT018','2024-02-23 12:09:00','2024-02-23 14:37:00',462,'Inbound','Member to Plan','(497) 424-1526','Resolved','Required Follow-up',FALSE,NULL,0.36,2.54,NULL),
('CALL0047','MBR0052','AGT004','2025-05-20 12:11:00','2025-05-20 13:51:00',952,'Inbound','Member to Plan','(899) 986-4268','Voicemail','Resolved First Call',FALSE,NULL,-0.6,2.22,NULL),
('CALL0048','MBR0039','AGT019','2025-09-06 14:50:00','2025-09-06 09:08:00',954,'Outbound','Plan to Member','(910) 520-9254','Resolved','Required Follow-up',FALSE,NULL,-0.07,4.85,NULL),
('CALL0049','MBR0060','AGT001','2024-07-03 10:39:00','2024-07-03 11:37:00',679,'Inbound','Member to Plan','(330) 835-9900','Voicemail','Resolved First Call',FALSE,NULL,-0.21,2.61,NULL),
('CALL0050','MBR0001','AGT015','2025-01-03 08:17:00','2025-01-03 13:38:00',279,'Inbound','Member to Plan','(497) 779-8888','Resolved','Resolved First Call',TRUE,'Member requested specialist',0.17,3.04,NULL),
('CALL0051','MBR0092','AGT002','2024-09-05 16:47:00','2024-09-05 10:14:00',1074,'Inbound','Member to Plan','(508) 843-6093','Resolved','Required Follow-up',FALSE,NULL,-0.6,1.27,NULL),
('CALL0052','MBR0020','AGT020','2024-09-04 11:13:00','2024-09-04 15:01:00',272,'Outbound','Plan to Member','(600) 256-2995','Voicemail','Required Follow-up',FALSE,NULL,-0.63,1.94,NULL),
('CALL0053','MBR0070','AGT009','2025-11-20 09:27:00','2025-11-20 08:11:00',359,'Inbound','Member to Plan','(962) 873-4943','Escalated','Pending',FALSE,NULL,0.09,2.9,NULL),
('CALL0054','MBR0038','AGT010','2024-10-16 13:42:00','2024-10-16 14:24:00',623,'Inbound','Member to Plan','(675) 626-7960','Escalated','Resolved First Call',FALSE,NULL,-0.76,2.56,NULL),
('CALL0055','MBR0075','AGT010','2024-11-21 17:28:00','2024-11-21 13:08:00',147,'Outbound','Plan to Member','(940) 669-5536','Resolved','Resolved First Call',FALSE,NULL,0.71,3.01,NULL),
('CALL0056','MBR0045','AGT017','2025-09-03 10:41:00','2025-09-03 13:41:00',370,'Inbound','Member to Plan','(670) 932-3294','Voicemail','Pending',FALSE,NULL,-0.21,4.66,NULL),
('CALL0057','MBR0083','AGT016','2025-08-20 10:36:00','2025-08-20 16:16:00',1098,'Inbound','Member to Plan','(914) 531-6703','Resolved','Resolved First Call',TRUE,'Member requested specialist',0.7,1.64,NULL),
('CALL0058','MBR0013','AGT004','2025-11-16 13:48:00','2025-11-16 11:06:00',534,'Inbound','Member to Plan','(945) 593-7882','Transferred','Resolved First Call',FALSE,NULL,-0.77,4.39,NULL),
('CALL0059','MBR0010','AGT015','2025-10-21 08:59:00','2025-10-21 13:06:00',416,'Outbound','Plan to Member','(586) 336-4272','Abandoned','Required Follow-up',FALSE,NULL,0.36,1.9,NULL),
('CALL0060','MBR0095','AGT006','2025-09-26 11:05:00','2025-09-26 09:13:00',109,'Inbound','Member to Plan','(343) 205-6891','Resolved','Pending',FALSE,NULL,-0.86,1.74,NULL),
('CALL0061','MBR0094','AGT017','2025-04-27 11:36:00','2025-04-27 16:22:00',1030,'Inbound','Member to Plan','(833) 772-3258','Transferred','Required Follow-up',FALSE,NULL,-0.25,1.28,NULL),
('CALL0062','MBR0011','AGT005','2025-02-04 15:14:00','2025-02-04 17:34:00',165,'Inbound','Member to Plan','(223) 429-5749','Voicemail','Required Follow-up',FALSE,NULL,-0.86,4.49,NULL),
('CALL0063','MBR0037','AGT003','2024-09-20 16:19:00','2024-09-20 17:03:00',877,'Inbound','Member to Plan','(796) 682-5309','Resolved','Resolved First Call',FALSE,NULL,-0.48,2.34,NULL),
('CALL0064','MBR0098','AGT002','2024-04-18 13:59:00','2024-04-18 11:31:00',187,'Inbound','Member to Plan','(777) 824-1579','Resolved','Resolved First Call',FALSE,NULL,0.2,3.45,NULL),
('CALL0065','MBR0011','AGT018','2025-03-09 08:06:00','2025-03-09 15:32:00',132,'Inbound','Member to Plan','(865) 558-8069','Resolved','Required Follow-up',FALSE,NULL,0.75,1.91,NULL),
('CALL0066','MBR0008','AGT001','2024-09-20 14:43:00','2024-09-20 16:30:00',97,'Inbound','Member to Plan','(596) 984-7180','Escalated','Required Follow-up',FALSE,NULL,0.1,1.46,NULL),
('CALL0067','MBR0016','AGT020','2025-06-07 13:27:00','2025-06-07 11:14:00',178,'Inbound','Member to Plan','(802) 210-4721','Resolved','Pending',FALSE,NULL,0.62,3.14,NULL),
('CALL0068','MBR0006','AGT001','2024-01-03 08:08:00','2024-01-03 10:18:00',958,'Inbound','Member to Plan','(521) 558-5001','Voicemail','Resolved First Call',FALSE,NULL,-0.04,1.49,NULL),
('CALL0069','MBR0010','AGT003','2025-09-07 15:45:00','2025-09-07 11:28:00',791,'Inbound','Member to Plan','(575) 998-5795','Abandoned','Pending',FALSE,NULL,-0.36,3.17,NULL),
('CALL0070','MBR0014','AGT002','2025-07-23 17:31:00','2025-07-23 09:13:00',632,'Inbound','Member to Plan','(733) 436-5996','Abandoned','Resolved First Call',FALSE,NULL,0.63,1.57,NULL),
('CALL0071','MBR0031','AGT015','2025-02-01 15:53:00','2025-02-01 12:17:00',129,'Outbound','Plan to Member','(507) 286-1978','Voicemail','Pending',FALSE,NULL,-0.96,2.53,NULL),
('CALL0072','MBR0057','AGT002','2024-04-13 10:42:00','2024-04-13 16:03:00',942,'Inbound','Member to Plan','(232) 754-6698','Resolved','Pending',FALSE,NULL,-0.33,4.31,NULL),
('CALL0073','MBR0034','AGT019','2024-01-11 17:27:00','2024-01-11 08:51:00',935,'Inbound','Member to Plan','(766) 597-5709','Resolved','Required Follow-up',FALSE,NULL,0.14,3.08,NULL),
('CALL0074','MBR0021','AGT013','2025-12-08 10:58:00','2025-12-08 12:51:00',91,'Inbound','Member to Plan','(287) 455-9893','Voicemail','Required Follow-up',FALSE,NULL,-0.92,2.1,NULL),
('CALL0075','MBR0035','AGT009','2024-02-10 17:42:00','2024-02-10 12:54:00',717,'Inbound','Member to Plan','(654) 673-1282','Resolved','Resolved First Call',FALSE,NULL,0.93,2.92,NULL),
('CALL0076','MBR0072','AGT007','2025-01-19 09:17:00','2025-01-19 13:04:00',1189,'Outbound','Plan to Member','(384) 464-5524','Voicemail','Required Follow-up',TRUE,'Member requested specialist',0.26,1.59,NULL),
('CALL0077','MBR0080','AGT002','2024-02-21 08:11:00','2024-02-21 15:37:00',1097,'Inbound','Member to Plan','(242) 766-4734','Resolved','Pending',FALSE,NULL,0.95,1.06,NULL),
('CALL0078','MBR0046','AGT018','2024-10-08 13:06:00','2024-10-08 16:28:00',218,'Inbound','Member to Plan','(723) 279-4882','Abandoned','Required Follow-up',FALSE,NULL,0.66,3.72,NULL),
('CALL0079','MBR0010','AGT014','2025-03-01 13:38:00','2025-03-01 13:26:00',797,'Inbound','Member to Plan','(681) 501-1510','Escalated','Required Follow-up',TRUE,'Member requested specialist',0.86,4.65,NULL),
('CALL0080','MBR0004','AGT004','2024-06-17 16:50:00','2024-06-17 11:24:00',764,'Inbound','Member to Plan','(872) 943-3458','Resolved','Pending',TRUE,'Member requested specialist',-0.85,4.74,NULL),
('CALL0081','MBR0029','AGT019','2025-09-24 09:54:00','2025-09-24 08:38:00',1140,'Outbound','Plan to Member','(875) 737-9525','Resolved','Required Follow-up',FALSE,NULL,0.67,2.17,NULL),
('CALL0082','MBR0032','AGT011','2024-06-08 15:20:00','2024-06-08 11:28:00',296,'Outbound','Plan to Member','(570) 281-6766','Transferred','Required Follow-up',FALSE,NULL,0.21,2.8,NULL),
('CALL0083','MBR0054','AGT008','2024-09-08 14:43:00','2024-09-08 17:16:00',342,'Inbound','Member to Plan','(549) 521-2932','Transferred','Required Follow-up',FALSE,NULL,0.97,3.3,NULL),
('CALL0084','MBR0081','AGT007','2024-08-01 10:07:00','2024-08-01 12:48:00',917,'Outbound','Plan to Member','(960) 303-3070','Resolved','Required Follow-up',TRUE,'Member requested specialist',-0.67,1.29,NULL),
('CALL0085','MBR0066','AGT017','2025-07-12 10:25:00','2025-07-12 11:45:00',1200,'Inbound','Member to Plan','(321) 544-6515','Transferred','Pending',TRUE,'Member requested specialist',0.48,2.42,NULL),
('CALL0086','MBR0058','AGT014','2025-12-27 14:18:00','2025-12-27 10:46:00',1037,'Inbound','Member to Plan','(941) 984-9345','Transferred','Resolved First Call',FALSE,NULL,0.19,2.48,NULL),
('CALL0087','MBR0084','AGT015','2025-06-15 10:32:00','2025-06-15 09:14:00',632,'Inbound','Member to Plan','(705) 549-1791','Resolved','Required Follow-up',FALSE,NULL,-0.36,1.71,NULL),
('CALL0088','MBR0019','AGT002','2024-07-17 12:36:00','2024-07-17 09:22:00',703,'Inbound','Member to Plan','(369) 321-5716','Voicemail','Required Follow-up',FALSE,NULL,0.77,2.15,NULL),
('CALL0089','MBR0034','AGT020','2024-04-22 12:09:00','2024-04-22 11:35:00',256,'Inbound','Member to Plan','(228) 812-1651','Abandoned','Resolved First Call',FALSE,NULL,0.64,2.48,NULL),
('CALL0090','MBR0037','AGT019','2025-12-15 16:08:00','2025-12-15 12:58:00',989,'Inbound','Member to Plan','(933) 923-2965','Resolved','Required Follow-up',FALSE,NULL,-0.83,1.55,NULL),
('CALL0091','MBR0036','AGT004','2025-02-24 11:46:00','2025-02-24 13:10:00',212,'Inbound','Member to Plan','(482) 664-9402','Transferred','Pending',FALSE,NULL,0.78,1.15,NULL),
('CALL0092','MBR0013','AGT017','2025-04-27 16:42:00','2025-04-27 08:15:00',132,'Inbound','Member to Plan','(800) 585-4607','Abandoned','Required Follow-up',FALSE,NULL,-0.03,1.75,NULL),
('CALL0093','MBR0064','AGT010','2024-04-21 09:33:00','2024-04-21 08:27:00',498,'Inbound','Member to Plan','(702) 771-4416','Escalated','Resolved First Call',FALSE,NULL,-0.47,2.52,NULL),
('CALL0094','MBR0075','AGT008','2025-08-17 10:56:00','2025-08-17 11:56:00',674,'Inbound','Member to Plan','(884) 696-9031','Resolved','Pending',FALSE,NULL,-0.04,1.39,NULL),
('CALL0095','MBR0015','AGT010','2025-08-11 11:42:00','2025-08-11 09:11:00',930,'Outbound','Plan to Member','(526) 876-2860','Resolved','Pending',FALSE,NULL,-0.74,4.53,NULL),
('CALL0096','MBR0063','AGT020','2025-11-08 08:18:00','2025-11-08 16:13:00',608,'Outbound','Plan to Member','(262) 775-6295','Voicemail','Pending',FALSE,NULL,-0.22,2.77,NULL),
('CALL0097','MBR0052','AGT009','2024-05-16 11:21:00','2024-05-16 12:28:00',153,'Outbound','Plan to Member','(426) 786-3728','Abandoned','Pending',TRUE,'Member requested specialist',0.94,3.44,NULL),
('CALL0098','MBR0017','AGT020','2024-12-01 14:05:00','2024-12-01 13:49:00',742,'Inbound','Member to Plan','(870) 250-9497','Abandoned','Required Follow-up',FALSE,NULL,0.97,4.35,NULL),
('CALL0099','MBR0051','AGT008','2025-03-12 13:26:00','2025-03-12 16:46:00',501,'Inbound','Member to Plan','(213) 236-1328','Transferred','Pending',FALSE,NULL,-0.03,1.63,NULL),
('CALL0100','MBR0039','AGT001','2024-11-25 11:02:00','2024-11-25 09:52:00',617,'Outbound','Plan to Member','(871) 610-3149','Voicemail','Resolved First Call',TRUE,'Member requested specialist',0.01,3.81,NULL);

INSERT INTO callcenter.call_queue_entry (entry_id,call_id,queue_id,entered_queue,exited_queue,wait_time_seconds,exit_reason) VALUES
('CQE0001','CALL0001','QUE007','2024-01-01 16:38:00','2024-01-01 16:38:00',165,'Answered'),
('CQE0002','CALL0002','QUE010','2024-07-07 17:54:00','2024-07-07 17:54:00',329,'Abandoned'),
('CQE0003','CALL0003','QUE007','2024-09-24 08:19:00','2024-09-24 08:19:00',290,'Abandoned'),
('CQE0004','CALL0004','QUE004','2024-02-09 17:30:00','2024-02-09 17:30:00',395,'Abandoned'),
('CQE0005','CALL0005','QUE007','2024-02-08 14:35:00','2024-02-08 14:35:00',295,'Abandoned'),
('CQE0006','CALL0006','QUE005','2024-12-18 16:15:00','2024-12-18 16:15:00',401,'Answered'),
('CQE0007','CALL0007','QUE008','2024-12-13 13:48:00','2024-12-13 13:48:00',569,'Transferred'),
('CQE0008','CALL0008','QUE002','2024-08-08 17:01:00','2024-08-08 17:01:00',416,'Answered'),
('CQE0009','CALL0009','QUE008','2024-06-16 17:06:00','2024-06-16 17:06:00',328,'Abandoned'),
('CQE0010','CALL0010','QUE003','2024-11-03 09:35:00','2024-11-03 09:35:00',183,'Answered'),
('CQE0011','CALL0011','QUE008','2024-10-08 09:09:00','2024-10-08 09:09:00',422,'Transferred'),
('CQE0012','CALL0012','QUE008','2024-09-24 17:48:00','2024-09-24 17:48:00',248,'Answered'),
('CQE0013','CALL0013','QUE008','2024-05-14 12:47:00','2024-05-14 12:47:00',355,'Answered'),
('CQE0014','CALL0014','QUE001','2024-06-23 17:38:00','2024-06-23 17:38:00',426,'Answered'),
('CQE0015','CALL0015','QUE005','2024-12-07 16:50:00','2024-12-07 16:50:00',510,'Transferred'),
('CQE0016','CALL0016','QUE008','2024-06-21 11:20:00','2024-06-21 11:20:00',482,'Transferred'),
('CQE0017','CALL0017','QUE008','2024-09-18 09:58:00','2024-09-18 09:58:00',117,'Abandoned'),
('CQE0018','CALL0018','QUE002','2024-07-05 08:10:00','2024-07-05 08:10:00',542,'Transferred'),
('CQE0019','CALL0019','QUE002','2024-03-07 15:55:00','2024-03-07 15:55:00',126,'Answered'),
('CQE0020','CALL0020','QUE007','2024-08-06 16:31:00','2024-08-06 16:31:00',153,'Transferred'),
('CQE0021','CALL0021','QUE009','2024-07-13 08:18:00','2024-07-13 08:18:00',130,'Abandoned'),
('CQE0022','CALL0022','QUE005','2024-12-22 12:33:00','2024-12-22 12:33:00',340,'Transferred'),
('CQE0023','CALL0023','QUE006','2024-10-21 10:09:00','2024-10-21 10:09:00',307,'Transferred'),
('CQE0024','CALL0024','QUE004','2024-10-23 13:33:00','2024-10-23 13:33:00',267,'Abandoned'),
('CQE0025','CALL0025','QUE008','2024-04-11 10:10:00','2024-04-11 10:10:00',546,'Transferred'),
('CQE0026','CALL0026','QUE008','2024-01-11 14:11:00','2024-01-11 14:11:00',163,'Abandoned'),
('CQE0027','CALL0027','QUE002','2024-01-10 11:12:00','2024-01-10 11:12:00',106,'Transferred'),
('CQE0028','CALL0028','QUE008','2024-06-04 08:39:00','2024-06-04 08:39:00',489,'Transferred'),
('CQE0029','CALL0029','QUE003','2024-02-12 16:56:00','2024-02-12 16:56:00',241,'Abandoned'),
('CQE0030','CALL0030','QUE001','2024-04-09 12:52:00','2024-04-09 12:52:00',446,'Transferred'),
('CQE0031','CALL0031','QUE005','2024-06-20 14:59:00','2024-06-20 14:59:00',270,'Transferred'),
('CQE0032','CALL0032','QUE009','2024-11-22 11:04:00','2024-11-22 11:04:00',166,'Answered'),
('CQE0033','CALL0033','QUE004','2024-05-06 12:36:00','2024-05-06 12:36:00',114,'Answered'),
('CQE0034','CALL0034','QUE009','2024-10-21 14:21:00','2024-10-21 14:21:00',599,'Transferred'),
('CQE0035','CALL0035','QUE010','2024-05-26 17:42:00','2024-05-26 17:42:00',494,'Answered'),
('CQE0036','CALL0036','QUE003','2024-01-26 11:13:00','2024-01-26 11:13:00',103,'Transferred'),
('CQE0037','CALL0037','QUE003','2024-03-06 15:55:00','2024-03-06 15:55:00',10,'Abandoned'),
('CQE0038','CALL0038','QUE002','2024-01-05 16:51:00','2024-01-05 16:51:00',460,'Abandoned'),
('CQE0039','CALL0039','QUE008','2024-06-10 16:48:00','2024-06-10 16:48:00',130,'Answered'),
('CQE0040','CALL0040','QUE009','2024-07-13 14:45:00','2024-07-13 14:45:00',495,'Abandoned'),
('CQE0041','CALL0041','QUE005','2024-09-11 16:05:00','2024-09-11 16:05:00',229,'Answered'),
('CQE0042','CALL0042','QUE005','2024-12-05 14:35:00','2024-12-05 14:35:00',462,'Abandoned'),
('CQE0043','CALL0043','QUE005','2024-11-04 16:57:00','2024-11-04 16:57:00',455,'Transferred'),
('CQE0044','CALL0044','QUE006','2024-03-01 13:54:00','2024-03-01 13:54:00',487,'Transferred'),
('CQE0045','CALL0045','QUE006','2024-12-14 11:39:00','2024-12-14 11:39:00',583,'Answered'),
('CQE0046','CALL0046','QUE007','2024-06-06 08:12:00','2024-06-06 08:12:00',462,'Abandoned'),
('CQE0047','CALL0047','QUE009','2024-04-01 17:19:00','2024-04-01 17:19:00',346,'Answered'),
('CQE0048','CALL0048','QUE006','2024-05-17 08:38:00','2024-05-17 08:38:00',289,'Answered'),
('CQE0049','CALL0049','QUE005','2024-11-16 14:02:00','2024-11-16 14:02:00',269,'Abandoned'),
('CQE0050','CALL0050','QUE001','2024-10-27 08:55:00','2024-10-27 08:55:00',492,'Transferred'),
('CQE0051','CALL0051','QUE008','2024-08-06 15:47:00','2024-08-06 15:47:00',568,'Answered'),
('CQE0052','CALL0052','QUE001','2024-06-01 17:57:00','2024-06-01 17:57:00',166,'Transferred'),
('CQE0053','CALL0053','QUE003','2024-03-03 14:53:00','2024-03-03 14:53:00',132,'Answered'),
('CQE0054','CALL0054','QUE008','2024-11-23 08:20:00','2024-11-23 08:20:00',109,'Transferred'),
('CQE0055','CALL0055','QUE005','2024-04-21 17:47:00','2024-04-21 17:47:00',27,'Abandoned'),
('CQE0056','CALL0056','QUE006','2024-12-06 17:46:00','2024-12-06 17:46:00',385,'Transferred'),
('CQE0057','CALL0057','QUE001','2024-11-13 14:53:00','2024-11-13 14:53:00',72,'Answered'),
('CQE0058','CALL0058','QUE004','2024-09-05 12:05:00','2024-09-05 12:05:00',186,'Abandoned'),
('CQE0059','CALL0059','QUE001','2024-05-20 11:44:00','2024-05-20 11:44:00',527,'Abandoned'),
('CQE0060','CALL0060','QUE003','2024-11-24 08:19:00','2024-11-24 08:19:00',290,'Transferred'),
('CQE0061','CALL0061','QUE006','2024-02-11 15:36:00','2024-02-11 15:36:00',98,'Transferred'),
('CQE0062','CALL0062','QUE008','2024-02-04 09:11:00','2024-02-04 09:11:00',98,'Answered'),
('CQE0063','CALL0063','QUE006','2024-10-21 08:49:00','2024-10-21 08:49:00',183,'Answered'),
('CQE0064','CALL0064','QUE004','2024-11-12 15:05:00','2024-11-12 15:05:00',262,'Abandoned'),
('CQE0065','CALL0065','QUE004','2024-12-25 10:19:00','2024-12-25 10:19:00',64,'Abandoned'),
('CQE0066','CALL0066','QUE005','2024-03-09 10:36:00','2024-03-09 10:36:00',333,'Abandoned'),
('CQE0067','CALL0067','QUE004','2024-04-09 11:11:00','2024-04-09 11:11:00',312,'Abandoned'),
('CQE0068','CALL0068','QUE008','2024-05-03 15:22:00','2024-05-03 15:22:00',382,'Abandoned'),
('CQE0069','CALL0069','QUE009','2024-08-27 10:02:00','2024-08-27 10:02:00',404,'Answered'),
('CQE0070','CALL0070','QUE009','2024-10-07 14:22:00','2024-10-07 14:22:00',305,'Answered'),
('CQE0071','CALL0071','QUE006','2024-12-17 16:53:00','2024-12-17 16:53:00',285,'Answered'),
('CQE0072','CALL0072','QUE009','2024-04-09 11:29:00','2024-04-09 11:29:00',277,'Answered'),
('CQE0073','CALL0073','QUE002','2024-09-22 10:30:00','2024-09-22 10:30:00',153,'Abandoned'),
('CQE0074','CALL0074','QUE010','2024-06-12 17:24:00','2024-06-12 17:24:00',44,'Abandoned'),
('CQE0075','CALL0075','QUE002','2024-11-12 08:10:00','2024-11-12 08:10:00',441,'Abandoned'),
('CQE0076','CALL0076','QUE006','2024-06-21 09:11:00','2024-06-21 09:11:00',376,'Abandoned'),
('CQE0077','CALL0077','QUE003','2024-08-18 10:48:00','2024-08-18 10:48:00',32,'Abandoned'),
('CQE0078','CALL0078','QUE010','2024-08-19 17:44:00','2024-08-19 17:44:00',455,'Transferred'),
('CQE0079','CALL0079','QUE007','2024-08-27 11:16:00','2024-08-27 11:16:00',392,'Transferred'),
('CQE0080','CALL0080','QUE006','2024-08-22 14:19:00','2024-08-22 14:19:00',51,'Answered'),
('CQE0081','CALL0081','QUE009','2024-02-14 14:49:00','2024-02-14 14:49:00',285,'Transferred'),
('CQE0082','CALL0082','QUE007','2024-10-01 10:32:00','2024-10-01 10:32:00',180,'Abandoned'),
('CQE0083','CALL0083','QUE010','2024-12-17 11:36:00','2024-12-17 11:36:00',152,'Answered'),
('CQE0084','CALL0084','QUE006','2024-01-03 12:50:00','2024-01-03 12:50:00',154,'Abandoned'),
('CQE0085','CALL0085','QUE008','2024-07-06 15:00:00','2024-07-06 15:00:00',161,'Answered'),
('CQE0086','CALL0086','QUE003','2024-05-10 09:11:00','2024-05-10 09:11:00',251,'Answered'),
('CQE0087','CALL0087','QUE007','2024-02-24 11:09:00','2024-02-24 11:09:00',578,'Abandoned'),
('CQE0088','CALL0088','QUE001','2024-08-06 13:06:00','2024-08-06 13:06:00',492,'Transferred'),
('CQE0089','CALL0089','QUE007','2024-12-07 15:42:00','2024-12-07 15:42:00',395,'Abandoned'),
('CQE0090','CALL0090','QUE004','2024-02-13 10:20:00','2024-02-13 10:20:00',146,'Abandoned'),
('CQE0091','CALL0091','QUE006','2024-05-27 14:38:00','2024-05-27 14:38:00',413,'Transferred'),
('CQE0092','CALL0092','QUE002','2024-06-16 17:01:00','2024-06-16 17:01:00',237,'Transferred'),
('CQE0093','CALL0093','QUE003','2024-04-12 13:21:00','2024-04-12 13:21:00',523,'Answered'),
('CQE0094','CALL0094','QUE010','2024-10-25 14:58:00','2024-10-25 14:58:00',89,'Transferred'),
('CQE0095','CALL0095','QUE004','2024-03-16 11:02:00','2024-03-16 11:02:00',226,'Abandoned'),
('CQE0096','CALL0096','QUE007','2024-02-11 14:41:00','2024-02-11 14:41:00',194,'Abandoned'),
('CQE0097','CALL0097','QUE003','2024-05-10 14:43:00','2024-05-10 14:43:00',502,'Answered'),
('CQE0098','CALL0098','QUE005','2024-07-06 10:25:00','2024-07-06 10:25:00',539,'Answered'),
('CQE0099','CALL0099','QUE008','2024-02-12 09:41:00','2024-02-12 09:41:00',424,'Answered'),
('CQE0100','CALL0100','QUE003','2024-06-05 17:32:00','2024-06-05 17:32:00',403,'Transferred');

INSERT INTO callcenter.call_interaction (interaction_id,call_id,sequence_number,interaction_type,query_category,query_detail,resolution,ai_agent_used,escalated_to_human,transcript,metadata) VALUES
('INT0001','CALL0001',1,'Hold','Claims','Member inquired about general status','Information provided to member',FALSE,FALSE,'Agent: Could you confirm your member ID? Member: Yes, its MBR0001',NULL),
('INT0002','CALL0002',1,'Hold','Referral','Member inquired about claims status','Information provided to member',FALSE,FALSE,'Agent: Could you confirm your member ID? Member: Yes, its MBR0002',NULL),
('INT0003','CALL0003',1,'Transfer','Referral','Member inquired about billing status','Information provided to member',FALSE,FALSE,'Agent: Could you confirm your member ID? Member: Yes, its MBR0003',NULL),
('INT0004','CALL0004',1,'Question','General','Member inquired about prior auth status','Information provided to member',TRUE,FALSE,'Agent: Could you confirm your member ID? Member: Yes, its MBR0004',NULL),
('INT0005','CALL0005',1,'Hold','Prior Auth','Member inquired about prior auth status','Information provided to member',FALSE,FALSE,'Agent: Could you confirm your member ID? Member: Yes, its MBR0005',NULL),
('INT0006','CALL0006',1,'Question','Provider Search','Member inquired about referral status','Information provided to member',FALSE,FALSE,'Agent: Could you confirm your member ID? Member: Yes, its MBR0006',NULL),
('INT0007','CALL0007',1,'Verification','Referral','Member inquired about benefits status','Information provided to member',FALSE,FALSE,'Agent: Could you confirm your member ID? Member: Yes, its MBR0007',NULL),
('INT0008','CALL0008',1,'Response','Claims','Member inquired about prior auth status','Information provided to member',TRUE,FALSE,'Agent: Could you confirm your member ID? Member: Yes, its MBR0008',NULL),
('INT0009','CALL0009',1,'Verification','Billing','Member inquired about enrollment status','Information provided to member',FALSE,FALSE,'Agent: Could you confirm your member ID? Member: Yes, its MBR0009',NULL),
('INT0010','CALL0010',1,'Verification','General','Member inquired about referral status','Information provided to member',FALSE,TRUE,'Agent: Could you confirm your member ID? Member: Yes, its MBR0010',NULL),
('INT0011','CALL0011',1,'Question','General','Member inquired about billing status','Information provided to member',FALSE,FALSE,'Agent: Could you confirm your member ID? Member: Yes, its MBR0011',NULL),
('INT0012','CALL0012',1,'Question','Benefits','Member inquired about general status','Information provided to member',TRUE,FALSE,'Agent: Could you confirm your member ID? Member: Yes, its MBR0012',NULL),
('INT0013','CALL0013',1,'Hold','Prior Auth','Member inquired about claims status','Information provided to member',FALSE,FALSE,'Agent: Could you confirm your member ID? Member: Yes, its MBR0013',NULL),
('INT0014','CALL0014',1,'Verification','Prior Auth','Member inquired about billing status','Information provided to member',FALSE,FALSE,'Agent: Could you confirm your member ID? Member: Yes, its MBR0014',NULL),
('INT0015','CALL0015',1,'Hold','Prior Auth','Member inquired about billing status','Information provided to member',FALSE,FALSE,'Agent: Could you confirm your member ID? Member: Yes, its MBR0015',NULL),
('INT0016','CALL0016',1,'Question','Billing','Member inquired about provider search status','Information provided to member',TRUE,FALSE,'Agent: Could you confirm your member ID? Member: Yes, its MBR0016',NULL),
('INT0017','CALL0017',1,'Transfer','Prior Auth','Member inquired about referral status','Information provided to member',FALSE,FALSE,'Agent: Could you confirm your member ID? Member: Yes, its MBR0017',NULL),
('INT0018','CALL0018',1,'Question','General','Member inquired about prior auth status','Information provided to member',FALSE,FALSE,'Agent: Could you confirm your member ID? Member: Yes, its MBR0018',NULL),
('INT0019','CALL0019',1,'Transfer','Claims','Member inquired about benefits status','Information provided to member',FALSE,FALSE,'Agent: Could you confirm your member ID? Member: Yes, its MBR0019',NULL),
('INT0020','CALL0020',1,'Transfer','Claims','Member inquired about referral status','Information provided to member',TRUE,TRUE,'Agent: Could you confirm your member ID? Member: Yes, its MBR0020',NULL),
('INT0021','CALL0021',1,'Response','Provider Search','Member inquired about benefits status','Information provided to member',FALSE,FALSE,'Agent: Could you confirm your member ID? Member: Yes, its MBR0021',NULL),
('INT0022','CALL0022',1,'Verification','Benefits','Member inquired about provider search status','Information provided to member',FALSE,FALSE,'Agent: Could you confirm your member ID? Member: Yes, its MBR0022',NULL),
('INT0023','CALL0023',1,'Response','General','Member inquired about referral status','Information provided to member',FALSE,FALSE,'Agent: Could you confirm your member ID? Member: Yes, its MBR0023',NULL),
('INT0024','CALL0024',1,'Transfer','Prior Auth','Member inquired about general status','Information provided to member',TRUE,FALSE,'Agent: Could you confirm your member ID? Member: Yes, its MBR0024',NULL),
('INT0025','CALL0025',1,'Verification','Enrollment','Member inquired about general status','Information provided to member',FALSE,FALSE,'Agent: Could you confirm your member ID? Member: Yes, its MBR0025',NULL),
('INT0026','CALL0026',1,'Question','Benefits','Member inquired about prior auth status','Information provided to member',FALSE,FALSE,'Agent: Could you confirm your member ID? Member: Yes, its MBR0026',NULL),
('INT0027','CALL0027',1,'Transfer','Claims','Member inquired about provider search status','Information provided to member',FALSE,FALSE,'Agent: Could you confirm your member ID? Member: Yes, its MBR0027',NULL),
('INT0028','CALL0028',1,'Verification','Benefits','Member inquired about referral status','Information provided to member',TRUE,FALSE,'Agent: Could you confirm your member ID? Member: Yes, its MBR0028',NULL),
('INT0029','CALL0029',1,'Verification','Benefits','Member inquired about prior auth status','Information provided to member',FALSE,FALSE,'Agent: Could you confirm your member ID? Member: Yes, its MBR0029',NULL),
('INT0030','CALL0030',1,'Transfer','Referral','Member inquired about referral status','Information provided to member',FALSE,TRUE,'Agent: Could you confirm your member ID? Member: Yes, its MBR0030',NULL),
('INT0031','CALL0031',1,'Question','Provider Search','Member inquired about billing status','Information provided to member',FALSE,FALSE,'Agent: Could you confirm your member ID? Member: Yes, its MBR0031',NULL),
('INT0032','CALL0032',1,'Question','Referral','Member inquired about benefits status','Information provided to member',TRUE,FALSE,'Agent: Could you confirm your member ID? Member: Yes, its MBR0032',NULL),
('INT0033','CALL0033',1,'Response','Billing','Member inquired about billing status','Information provided to member',FALSE,FALSE,'Agent: Could you confirm your member ID? Member: Yes, its MBR0033',NULL),
('INT0034','CALL0034',1,'Verification','Enrollment','Member inquired about claims status','Information provided to member',FALSE,FALSE,'Agent: Could you confirm your member ID? Member: Yes, its MBR0034',NULL),
('INT0035','CALL0035',1,'Transfer','General','Member inquired about enrollment status','Information provided to member',FALSE,FALSE,'Agent: Could you confirm your member ID? Member: Yes, its MBR0035',NULL),
('INT0036','CALL0036',1,'Hold','Billing','Member inquired about provider search status','Information provided to member',TRUE,FALSE,'Agent: Could you confirm your member ID? Member: Yes, its MBR0036',NULL),
('INT0037','CALL0037',1,'Transfer','Claims','Member inquired about referral status','Information provided to member',FALSE,FALSE,'Agent: Could you confirm your member ID? Member: Yes, its MBR0037',NULL),
('INT0038','CALL0038',1,'Response','Billing','Member inquired about billing status','Information provided to member',FALSE,FALSE,'Agent: Could you confirm your member ID? Member: Yes, its MBR0038',NULL),
('INT0039','CALL0039',1,'Question','Referral','Member inquired about enrollment status','Information provided to member',FALSE,FALSE,'Agent: Could you confirm your member ID? Member: Yes, its MBR0039',NULL),
('INT0040','CALL0040',1,'Question','Referral','Member inquired about provider search status','Information provided to member',TRUE,TRUE,'Agent: Could you confirm your member ID? Member: Yes, its MBR0040',NULL),
('INT0041','CALL0041',1,'Transfer','Billing','Member inquired about general status','Information provided to member',FALSE,FALSE,'Agent: Could you confirm your member ID? Member: Yes, its MBR0041',NULL),
('INT0042','CALL0042',1,'Verification','Prior Auth','Member inquired about benefits status','Information provided to member',FALSE,FALSE,'Agent: Could you confirm your member ID? Member: Yes, its MBR0042',NULL),
('INT0043','CALL0043',1,'Response','Enrollment','Member inquired about claims status','Information provided to member',FALSE,FALSE,'Agent: Could you confirm your member ID? Member: Yes, its MBR0043',NULL),
('INT0044','CALL0044',1,'Transfer','Enrollment','Member inquired about benefits status','Information provided to member',TRUE,FALSE,'Agent: Could you confirm your member ID? Member: Yes, its MBR0044',NULL),
('INT0045','CALL0045',1,'Verification','Billing','Member inquired about general status','Information provided to member',FALSE,FALSE,'Agent: Could you confirm your member ID? Member: Yes, its MBR0045',NULL),
('INT0046','CALL0046',1,'Verification','Referral','Member inquired about prior auth status','Information provided to member',FALSE,FALSE,'Agent: Could you confirm your member ID? Member: Yes, its MBR0046',NULL),
('INT0047','CALL0047',1,'Verification','Referral','Member inquired about general status','Information provided to member',FALSE,FALSE,'Agent: Could you confirm your member ID? Member: Yes, its MBR0047',NULL),
('INT0048','CALL0048',1,'Verification','Claims','Member inquired about prior auth status','Information provided to member',TRUE,FALSE,'Agent: Could you confirm your member ID? Member: Yes, its MBR0048',NULL),
('INT0049','CALL0049',1,'Transfer','Prior Auth','Member inquired about prior auth status','Information provided to member',FALSE,FALSE,'Agent: Could you confirm your member ID? Member: Yes, its MBR0049',NULL),
('INT0050','CALL0050',1,'Hold','Provider Search','Member inquired about general status','Information provided to member',FALSE,TRUE,'Agent: Could you confirm your member ID? Member: Yes, its MBR0050',NULL),
('INT0051','CALL0051',1,'Hold','Enrollment','Member inquired about provider search status','Information provided to member',FALSE,FALSE,'Agent: Could you confirm your member ID? Member: Yes, its MBR0051',NULL),
('INT0052','CALL0052',1,'Hold','Billing','Member inquired about referral status','Information provided to member',TRUE,FALSE,'Agent: Could you confirm your member ID? Member: Yes, its MBR0052',NULL),
('INT0053','CALL0053',1,'Question','Benefits','Member inquired about general status','Information provided to member',FALSE,FALSE,'Agent: Could you confirm your member ID? Member: Yes, its MBR0053',NULL),
('INT0054','CALL0054',1,'Verification','Prior Auth','Member inquired about benefits status','Information provided to member',FALSE,FALSE,'Agent: Could you confirm your member ID? Member: Yes, its MBR0054',NULL),
('INT0055','CALL0055',1,'Response','Prior Auth','Member inquired about billing status','Information provided to member',FALSE,FALSE,'Agent: Could you confirm your member ID? Member: Yes, its MBR0055',NULL),
('INT0056','CALL0056',1,'Transfer','Prior Auth','Member inquired about general status','Information provided to member',TRUE,FALSE,'Agent: Could you confirm your member ID? Member: Yes, its MBR0056',NULL),
('INT0057','CALL0057',1,'Hold','Claims','Member inquired about provider search status','Information provided to member',FALSE,FALSE,'Agent: Could you confirm your member ID? Member: Yes, its MBR0057',NULL),
('INT0058','CALL0058',1,'Verification','Provider Search','Member inquired about prior auth status','Information provided to member',FALSE,FALSE,'Agent: Could you confirm your member ID? Member: Yes, its MBR0058',NULL),
('INT0059','CALL0059',1,'Verification','Referral','Member inquired about referral status','Information provided to member',FALSE,FALSE,'Agent: Could you confirm your member ID? Member: Yes, its MBR0059',NULL),
('INT0060','CALL0060',1,'Question','Billing','Member inquired about general status','Information provided to member',TRUE,TRUE,'Agent: Could you confirm your member ID? Member: Yes, its MBR0060',NULL),
('INT0061','CALL0061',1,'Response','Referral','Member inquired about provider search status','Information provided to member',FALSE,FALSE,'Agent: Could you confirm your member ID? Member: Yes, its MBR0061',NULL),
('INT0062','CALL0062',1,'Hold','Benefits','Member inquired about benefits status','Information provided to member',FALSE,FALSE,'Agent: Could you confirm your member ID? Member: Yes, its MBR0062',NULL),
('INT0063','CALL0063',1,'Hold','Enrollment','Member inquired about enrollment status','Information provided to member',FALSE,FALSE,'Agent: Could you confirm your member ID? Member: Yes, its MBR0063',NULL),
('INT0064','CALL0064',1,'Question','Billing','Member inquired about provider search status','Information provided to member',TRUE,FALSE,'Agent: Could you confirm your member ID? Member: Yes, its MBR0064',NULL),
('INT0065','CALL0065',1,'Response','Referral','Member inquired about referral status','Information provided to member',FALSE,FALSE,'Agent: Could you confirm your member ID? Member: Yes, its MBR0065',NULL),
('INT0066','CALL0066',1,'Transfer','Enrollment','Member inquired about referral status','Information provided to member',FALSE,FALSE,'Agent: Could you confirm your member ID? Member: Yes, its MBR0066',NULL),
('INT0067','CALL0067',1,'Verification','Billing','Member inquired about prior auth status','Information provided to member',FALSE,FALSE,'Agent: Could you confirm your member ID? Member: Yes, its MBR0067',NULL),
('INT0068','CALL0068',1,'Transfer','Benefits','Member inquired about prior auth status','Information provided to member',TRUE,FALSE,'Agent: Could you confirm your member ID? Member: Yes, its MBR0068',NULL),
('INT0069','CALL0069',1,'Verification','Referral','Member inquired about enrollment status','Information provided to member',FALSE,FALSE,'Agent: Could you confirm your member ID? Member: Yes, its MBR0069',NULL),
('INT0070','CALL0070',1,'Hold','General','Member inquired about general status','Information provided to member',FALSE,TRUE,'Agent: Could you confirm your member ID? Member: Yes, its MBR0070',NULL),
('INT0071','CALL0071',1,'Transfer','General','Member inquired about provider search status','Information provided to member',FALSE,FALSE,'Agent: Could you confirm your member ID? Member: Yes, its MBR0071',NULL),
('INT0072','CALL0072',1,'Response','Referral','Member inquired about billing status','Information provided to member',TRUE,FALSE,'Agent: Could you confirm your member ID? Member: Yes, its MBR0072',NULL),
('INT0073','CALL0073',1,'Question','Prior Auth','Member inquired about general status','Information provided to member',FALSE,FALSE,'Agent: Could you confirm your member ID? Member: Yes, its MBR0073',NULL),
('INT0074','CALL0074',1,'Response','Benefits','Member inquired about referral status','Information provided to member',FALSE,FALSE,'Agent: Could you confirm your member ID? Member: Yes, its MBR0074',NULL),
('INT0075','CALL0075',1,'Verification','Referral','Member inquired about referral status','Information provided to member',FALSE,FALSE,'Agent: Could you confirm your member ID? Member: Yes, its MBR0075',NULL),
('INT0076','CALL0076',1,'Hold','Enrollment','Member inquired about claims status','Information provided to member',TRUE,FALSE,'Agent: Could you confirm your member ID? Member: Yes, its MBR0076',NULL),
('INT0077','CALL0077',1,'Verification','Enrollment','Member inquired about provider search status','Information provided to member',FALSE,FALSE,'Agent: Could you confirm your member ID? Member: Yes, its MBR0077',NULL),
('INT0078','CALL0078',1,'Verification','Benefits','Member inquired about referral status','Information provided to member',FALSE,FALSE,'Agent: Could you confirm your member ID? Member: Yes, its MBR0078',NULL),
('INT0079','CALL0079',1,'Question','Prior Auth','Member inquired about enrollment status','Information provided to member',FALSE,FALSE,'Agent: Could you confirm your member ID? Member: Yes, its MBR0079',NULL),
('INT0080','CALL0080',1,'Response','General','Member inquired about benefits status','Information provided to member',TRUE,TRUE,'Agent: Could you confirm your member ID? Member: Yes, its MBR0080',NULL),
('INT0081','CALL0081',1,'Transfer','Claims','Member inquired about referral status','Information provided to member',FALSE,FALSE,'Agent: Could you confirm your member ID? Member: Yes, its MBR0081',NULL),
('INT0082','CALL0082',1,'Verification','Enrollment','Member inquired about provider search status','Information provided to member',FALSE,FALSE,'Agent: Could you confirm your member ID? Member: Yes, its MBR0082',NULL),
('INT0083','CALL0083',1,'Hold','Prior Auth','Member inquired about enrollment status','Information provided to member',FALSE,FALSE,'Agent: Could you confirm your member ID? Member: Yes, its MBR0083',NULL),
('INT0084','CALL0084',1,'Response','General','Member inquired about enrollment status','Information provided to member',TRUE,FALSE,'Agent: Could you confirm your member ID? Member: Yes, its MBR0084',NULL),
('INT0085','CALL0085',1,'Transfer','Provider Search','Member inquired about billing status','Information provided to member',FALSE,FALSE,'Agent: Could you confirm your member ID? Member: Yes, its MBR0085',NULL),
('INT0086','CALL0086',1,'Question','Claims','Member inquired about enrollment status','Information provided to member',FALSE,FALSE,'Agent: Could you confirm your member ID? Member: Yes, its MBR0086',NULL),
('INT0087','CALL0087',1,'Verification','General','Member inquired about general status','Information provided to member',FALSE,FALSE,'Agent: Could you confirm your member ID? Member: Yes, its MBR0087',NULL),
('INT0088','CALL0088',1,'Response','General','Member inquired about enrollment status','Information provided to member',TRUE,FALSE,'Agent: Could you confirm your member ID? Member: Yes, its MBR0088',NULL),
('INT0089','CALL0089',1,'Response','General','Member inquired about benefits status','Information provided to member',FALSE,FALSE,'Agent: Could you confirm your member ID? Member: Yes, its MBR0089',NULL),
('INT0090','CALL0090',1,'Verification','Prior Auth','Member inquired about provider search status','Information provided to member',FALSE,TRUE,'Agent: Could you confirm your member ID? Member: Yes, its MBR0090',NULL),
('INT0091','CALL0091',1,'Response','General','Member inquired about benefits status','Information provided to member',FALSE,FALSE,'Agent: Could you confirm your member ID? Member: Yes, its MBR0091',NULL),
('INT0092','CALL0092',1,'Question','Claims','Member inquired about referral status','Information provided to member',TRUE,FALSE,'Agent: Could you confirm your member ID? Member: Yes, its MBR0092',NULL),
('INT0093','CALL0093',1,'Verification','General','Member inquired about referral status','Information provided to member',FALSE,FALSE,'Agent: Could you confirm your member ID? Member: Yes, its MBR0093',NULL),
('INT0094','CALL0094',1,'Question','Referral','Member inquired about billing status','Information provided to member',FALSE,FALSE,'Agent: Could you confirm your member ID? Member: Yes, its MBR0094',NULL),
('INT0095','CALL0095',1,'Verification','Benefits','Member inquired about claims status','Information provided to member',FALSE,FALSE,'Agent: Could you confirm your member ID? Member: Yes, its MBR0095',NULL),
('INT0096','CALL0096',1,'Hold','General','Member inquired about claims status','Information provided to member',TRUE,FALSE,'Agent: Could you confirm your member ID? Member: Yes, its MBR0096',NULL),
('INT0097','CALL0097',1,'Transfer','Referral','Member inquired about claims status','Information provided to member',FALSE,FALSE,'Agent: Could you confirm your member ID? Member: Yes, its MBR0097',NULL),
('INT0098','CALL0098',1,'Transfer','Referral','Member inquired about general status','Information provided to member',FALSE,FALSE,'Agent: Could you confirm your member ID? Member: Yes, its MBR0098',NULL),
('INT0099','CALL0099',1,'Hold','Benefits','Member inquired about benefits status','Information provided to member',FALSE,FALSE,'Agent: Could you confirm your member ID? Member: Yes, its MBR0099',NULL),
('INT0100','CALL0100',1,'Response','Billing','Member inquired about benefits status','Information provided to member',TRUE,TRUE,'Agent: Could you confirm your member ID? Member: Yes, its MBR0100',NULL);

INSERT INTO callcenter.call_notes (note_id,call_id,agent_id,note_content,note_type,created_at) VALUES
('NOTE0001','CALL0001','AGT006','Call handled regarding referral. Member was neutral. Follow-up scheduled.','Escalation','2024-04-26 15:13:00'),
('NOTE0002','CALL0002','AGT009','Call handled regarding prior auth. Member was satisfied. Documented for compliance review.','General','2024-12-16 11:48:00'),
('NOTE0003','CALL0003','AGT009','Call handled regarding billing. Member was cooperative. Escalated to supervisor.','Escalation','2024-08-23 12:36:00'),
('NOTE0004','CALL0004','AGT009','Call handled regarding provider search. Member was frustrated. Escalated to supervisor.','General','2024-01-08 13:36:00'),
('NOTE0005','CALL0005','AGT012','Call handled regarding billing. Member was frustrated. Escalated to supervisor.','Escalation','2024-08-23 15:43:00'),
('NOTE0006','CALL0006','AGT010','Call handled regarding provider search. Member was frustrated. Escalated to supervisor.','Follow-up Required','2024-07-09 11:01:00'),
('NOTE0007','CALL0007','AGT007','Call handled regarding provider search. Member was satisfied. Escalated to supervisor.','Escalation','2024-06-24 16:47:00'),
('NOTE0008','CALL0008','AGT017','Call handled regarding general. Member was frustrated. Escalated to supervisor.','Compliance','2024-11-05 17:54:00'),
('NOTE0009','CALL0009','AGT017','Call handled regarding prior auth. Member was cooperative. Documented for compliance review.','Escalation','2024-11-06 16:30:00'),
('NOTE0010','CALL0010','AGT006','Call handled regarding referral. Member was satisfied. No further action needed.','Compliance','2024-06-08 12:13:00'),
('NOTE0011','CALL0011','AGT008','Call handled regarding billing. Member was satisfied. Follow-up scheduled.','Follow-up Required','2024-06-16 15:36:00'),
('NOTE0012','CALL0012','AGT001','Call handled regarding enrollment. Member was neutral. No further action needed.','Follow-up Required','2024-07-21 09:21:00'),
('NOTE0013','CALL0013','AGT017','Call handled regarding billing. Member was satisfied. No further action needed.','General','2024-08-19 16:15:00'),
('NOTE0014','CALL0014','AGT008','Call handled regarding provider search. Member was frustrated. Follow-up scheduled.','Escalation','2024-12-23 15:11:00'),
('NOTE0015','CALL0015','AGT002','Call handled regarding billing. Member was satisfied. Follow-up scheduled.','Escalation','2024-12-27 09:57:00'),
('NOTE0016','CALL0016','AGT005','Call handled regarding claims. Member was frustrated. Follow-up scheduled.','Escalation','2024-04-19 17:30:00'),
('NOTE0017','CALL0017','AGT015','Call handled regarding claims. Member was neutral. No further action needed.','General','2024-04-16 09:28:00'),
('NOTE0018','CALL0018','AGT003','Call handled regarding enrollment. Member was satisfied. Follow-up scheduled.','Compliance','2024-10-16 12:36:00'),
('NOTE0019','CALL0019','AGT001','Call handled regarding benefits. Member was cooperative. Follow-up scheduled.','Compliance','2024-10-26 17:48:00'),
('NOTE0020','CALL0020','AGT015','Call handled regarding billing. Member was cooperative. Escalated to supervisor.','General','2024-08-21 10:21:00'),
('NOTE0021','CALL0021','AGT017','Call handled regarding billing. Member was neutral. Escalated to supervisor.','Compliance','2024-09-08 13:17:00'),
('NOTE0022','CALL0022','AGT018','Call handled regarding general. Member was satisfied. Follow-up scheduled.','Escalation','2024-08-01 13:57:00'),
('NOTE0023','CALL0023','AGT017','Call handled regarding general. Member was frustrated. Follow-up scheduled.','Compliance','2024-02-25 14:43:00'),
('NOTE0024','CALL0024','AGT010','Call handled regarding general. Member was neutral. Follow-up scheduled.','General','2024-04-25 09:48:00'),
('NOTE0025','CALL0025','AGT008','Call handled regarding billing. Member was neutral. Escalated to supervisor.','Follow-up Required','2024-09-16 09:43:00'),
('NOTE0026','CALL0026','AGT010','Call handled regarding provider search. Member was neutral. Follow-up scheduled.','Follow-up Required','2024-04-25 14:50:00'),
('NOTE0027','CALL0027','AGT006','Call handled regarding provider search. Member was neutral. Documented for compliance review.','Follow-up Required','2024-11-20 14:49:00'),
('NOTE0028','CALL0028','AGT009','Call handled regarding billing. Member was cooperative. Escalated to supervisor.','Follow-up Required','2024-06-05 12:21:00'),
('NOTE0029','CALL0029','AGT012','Call handled regarding general. Member was neutral. Documented for compliance review.','Escalation','2024-10-13 14:00:00'),
('NOTE0030','CALL0030','AGT013','Call handled regarding referral. Member was neutral. Follow-up scheduled.','General','2024-08-25 12:01:00'),
('NOTE0031','CALL0031','AGT007','Call handled regarding billing. Member was neutral. Escalated to supervisor.','Follow-up Required','2024-01-11 14:50:00'),
('NOTE0032','CALL0032','AGT013','Call handled regarding enrollment. Member was frustrated. Documented for compliance review.','Escalation','2024-05-04 09:15:00'),
('NOTE0033','CALL0033','AGT006','Call handled regarding general. Member was cooperative. No further action needed.','Escalation','2024-11-13 15:15:00'),
('NOTE0034','CALL0034','AGT009','Call handled regarding claims. Member was satisfied. No further action needed.','Compliance','2024-11-11 12:34:00'),
('NOTE0035','CALL0035','AGT012','Call handled regarding billing. Member was satisfied. Documented for compliance review.','Compliance','2024-03-24 09:20:00'),
('NOTE0036','CALL0036','AGT014','Call handled regarding provider search. Member was neutral. Follow-up scheduled.','Follow-up Required','2024-09-03 15:15:00'),
('NOTE0037','CALL0037','AGT011','Call handled regarding billing. Member was satisfied. Follow-up scheduled.','Escalation','2024-02-28 13:54:00'),
('NOTE0038','CALL0038','AGT012','Call handled regarding enrollment. Member was frustrated. Escalated to supervisor.','Compliance','2024-08-08 15:23:00'),
('NOTE0039','CALL0039','AGT011','Call handled regarding billing. Member was neutral. No further action needed.','Follow-up Required','2024-03-04 14:27:00'),
('NOTE0040','CALL0040','AGT013','Call handled regarding claims. Member was satisfied. Escalated to supervisor.','Compliance','2024-01-19 14:02:00'),
('NOTE0041','CALL0041','AGT017','Call handled regarding general. Member was neutral. Escalated to supervisor.','Escalation','2024-11-03 09:36:00'),
('NOTE0042','CALL0042','AGT003','Call handled regarding provider search. Member was satisfied. Documented for compliance review.','General','2024-10-21 11:48:00'),
('NOTE0043','CALL0043','AGT003','Call handled regarding billing. Member was cooperative. Documented for compliance review.','Compliance','2024-12-05 13:04:00'),
('NOTE0044','CALL0044','AGT006','Call handled regarding general. Member was cooperative. No further action needed.','Escalation','2024-07-19 12:00:00'),
('NOTE0045','CALL0045','AGT020','Call handled regarding claims. Member was satisfied. Follow-up scheduled.','Compliance','2024-06-14 10:16:00'),
('NOTE0046','CALL0046','AGT008','Call handled regarding general. Member was frustrated. Escalated to supervisor.','Escalation','2024-12-28 17:09:00'),
('NOTE0047','CALL0047','AGT007','Call handled regarding enrollment. Member was neutral. Follow-up scheduled.','Follow-up Required','2024-02-01 16:38:00'),
('NOTE0048','CALL0048','AGT002','Call handled regarding prior auth. Member was satisfied. Escalated to supervisor.','Follow-up Required','2024-06-08 11:12:00'),
('NOTE0049','CALL0049','AGT010','Call handled regarding referral. Member was neutral. Follow-up scheduled.','Follow-up Required','2024-04-25 13:01:00'),
('NOTE0050','CALL0050','AGT005','Call handled regarding benefits. Member was cooperative. No further action needed.','Compliance','2024-08-28 11:24:00'),
('NOTE0051','CALL0051','AGT002','Call handled regarding general. Member was cooperative. Follow-up scheduled.','Compliance','2024-04-25 14:37:00'),
('NOTE0052','CALL0052','AGT004','Call handled regarding provider search. Member was satisfied. Follow-up scheduled.','General','2024-04-04 15:47:00'),
('NOTE0053','CALL0053','AGT020','Call handled regarding prior auth. Member was cooperative. Follow-up scheduled.','Escalation','2024-04-03 16:23:00'),
('NOTE0054','CALL0054','AGT016','Call handled regarding benefits. Member was cooperative. No further action needed.','Escalation','2024-01-13 14:25:00'),
('NOTE0055','CALL0055','AGT004','Call handled regarding prior auth. Member was neutral. No further action needed.','Escalation','2024-07-28 12:14:00'),
('NOTE0056','CALL0056','AGT003','Call handled regarding general. Member was satisfied. Escalated to supervisor.','Compliance','2024-12-21 13:02:00'),
('NOTE0057','CALL0057','AGT005','Call handled regarding provider search. Member was satisfied. Follow-up scheduled.','Follow-up Required','2024-09-05 10:44:00'),
('NOTE0058','CALL0058','AGT016','Call handled regarding claims. Member was frustrated. Escalated to supervisor.','General','2024-06-20 14:52:00'),
('NOTE0059','CALL0059','AGT006','Call handled regarding provider search. Member was frustrated. Follow-up scheduled.','Compliance','2024-12-26 10:23:00'),
('NOTE0060','CALL0060','AGT004','Call handled regarding claims. Member was cooperative. Follow-up scheduled.','Follow-up Required','2024-05-13 13:58:00'),
('NOTE0061','CALL0061','AGT009','Call handled regarding claims. Member was satisfied. Escalated to supervisor.','Escalation','2024-01-16 08:47:00'),
('NOTE0062','CALL0062','AGT005','Call handled regarding claims. Member was cooperative. Follow-up scheduled.','Compliance','2024-03-04 08:22:00'),
('NOTE0063','CALL0063','AGT008','Call handled regarding referral. Member was satisfied. No further action needed.','General','2024-08-15 14:54:00'),
('NOTE0064','CALL0064','AGT018','Call handled regarding provider search. Member was satisfied. Escalated to supervisor.','Compliance','2024-08-16 12:08:00'),
('NOTE0065','CALL0065','AGT011','Call handled regarding benefits. Member was cooperative. Documented for compliance review.','Escalation','2024-12-27 17:12:00'),
('NOTE0066','CALL0066','AGT005','Call handled regarding provider search. Member was frustrated. Follow-up scheduled.','Follow-up Required','2024-11-03 09:45:00'),
('NOTE0067','CALL0067','AGT013','Call handled regarding benefits. Member was frustrated. Follow-up scheduled.','Escalation','2024-05-06 12:21:00'),
('NOTE0068','CALL0068','AGT015','Call handled regarding provider search. Member was neutral. Documented for compliance review.','Escalation','2024-06-22 10:37:00'),
('NOTE0069','CALL0069','AGT002','Call handled regarding claims. Member was frustrated. Follow-up scheduled.','Compliance','2024-01-05 08:53:00'),
('NOTE0070','CALL0070','AGT008','Call handled regarding referral. Member was neutral. No further action needed.','Follow-up Required','2024-10-16 15:54:00'),
('NOTE0071','CALL0071','AGT012','Call handled regarding referral. Member was cooperative. Follow-up scheduled.','Follow-up Required','2024-08-20 12:34:00'),
('NOTE0072','CALL0072','AGT015','Call handled regarding billing. Member was neutral. Escalated to supervisor.','General','2024-03-09 13:51:00'),
('NOTE0073','CALL0073','AGT016','Call handled regarding benefits. Member was neutral. Escalated to supervisor.','Compliance','2024-02-26 13:27:00'),
('NOTE0074','CALL0074','AGT001','Call handled regarding benefits. Member was frustrated. Documented for compliance review.','Follow-up Required','2024-02-04 16:45:00'),
('NOTE0075','CALL0075','AGT010','Call handled regarding prior auth. Member was neutral. Documented for compliance review.','Follow-up Required','2024-07-18 09:55:00'),
('NOTE0076','CALL0076','AGT017','Call handled regarding referral. Member was frustrated. Follow-up scheduled.','Follow-up Required','2024-11-08 08:12:00'),
('NOTE0077','CALL0077','AGT012','Call handled regarding claims. Member was neutral. Follow-up scheduled.','Follow-up Required','2024-12-17 10:23:00'),
('NOTE0078','CALL0078','AGT006','Call handled regarding provider search. Member was frustrated. Follow-up scheduled.','General','2024-09-20 14:54:00'),
('NOTE0079','CALL0079','AGT007','Call handled regarding claims. Member was cooperative. Escalated to supervisor.','Escalation','2024-07-17 14:57:00'),
('NOTE0080','CALL0080','AGT016','Call handled regarding prior auth. Member was frustrated. Escalated to supervisor.','Compliance','2024-01-03 12:45:00'),
('NOTE0081','CALL0081','AGT018','Call handled regarding enrollment. Member was satisfied. No further action needed.','Escalation','2024-07-05 10:30:00'),
('NOTE0082','CALL0082','AGT006','Call handled regarding referral. Member was frustrated. Documented for compliance review.','Follow-up Required','2024-07-19 11:15:00'),
('NOTE0083','CALL0083','AGT012','Call handled regarding enrollment. Member was neutral. Follow-up scheduled.','General','2024-07-04 17:43:00'),
('NOTE0084','CALL0084','AGT005','Call handled regarding general. Member was frustrated. Escalated to supervisor.','Follow-up Required','2024-06-01 09:33:00'),
('NOTE0085','CALL0085','AGT010','Call handled regarding general. Member was frustrated. Documented for compliance review.','General','2024-05-27 09:34:00'),
('NOTE0086','CALL0086','AGT020','Call handled regarding provider search. Member was satisfied. Escalated to supervisor.','Compliance','2024-05-02 14:53:00'),
('NOTE0087','CALL0087','AGT009','Call handled regarding general. Member was cooperative. Follow-up scheduled.','General','2024-12-23 15:48:00'),
('NOTE0088','CALL0088','AGT010','Call handled regarding benefits. Member was satisfied. Escalated to supervisor.','Follow-up Required','2024-04-28 15:53:00'),
('NOTE0089','CALL0089','AGT014','Call handled regarding claims. Member was satisfied. Escalated to supervisor.','Compliance','2024-12-24 12:57:00'),
('NOTE0090','CALL0090','AGT009','Call handled regarding referral. Member was neutral. Escalated to supervisor.','Escalation','2024-02-01 09:45:00'),
('NOTE0091','CALL0091','AGT016','Call handled regarding general. Member was frustrated. Documented for compliance review.','Follow-up Required','2024-11-09 09:49:00'),
('NOTE0092','CALL0092','AGT016','Call handled regarding referral. Member was satisfied. No further action needed.','Compliance','2024-10-27 09:36:00'),
('NOTE0093','CALL0093','AGT004','Call handled regarding enrollment. Member was neutral. Documented for compliance review.','General','2024-07-23 08:22:00'),
('NOTE0094','CALL0094','AGT015','Call handled regarding claims. Member was cooperative. Documented for compliance review.','Compliance','2024-11-01 11:36:00'),
('NOTE0095','CALL0095','AGT006','Call handled regarding prior auth. Member was satisfied. Escalated to supervisor.','General','2024-07-26 08:46:00'),
('NOTE0096','CALL0096','AGT015','Call handled regarding prior auth. Member was neutral. Escalated to supervisor.','Escalation','2024-04-09 15:50:00'),
('NOTE0097','CALL0097','AGT002','Call handled regarding general. Member was neutral. Follow-up scheduled.','Escalation','2024-04-18 16:41:00'),
('NOTE0098','CALL0098','AGT011','Call handled regarding prior auth. Member was frustrated. Documented for compliance review.','Compliance','2024-02-11 13:39:00'),
('NOTE0099','CALL0099','AGT018','Call handled regarding prior auth. Member was neutral. No further action needed.','Follow-up Required','2024-12-03 14:20:00'),
('NOTE0100','CALL0100','AGT020','Call handled regarding provider search. Member was cooperative. Follow-up scheduled.','Compliance','2024-05-28 15:22:00');

INSERT INTO callcenter.escalation (escalation_id,call_id,from_agent_id,to_agent_id,escalation_reason,escalation_type,escalation_time,resolution_status,notes) VALUES
('ESC0001','CALL0002','AGT011','AGT015','Compliance concern','Supervisor','2024-03-11 08:07:00','Resolved','Escalation handled and documented'),
('ESC0002','CALL0004','AGT019','AGT010','Member threat','Specialist','2024-09-18 10:25:00','Transferred','Escalation handled and documented'),
('ESC0003','CALL0006','AGT003','AGT007','Member requested supervisor','Tier 2','2024-12-20 14:54:00','Pending','Escalation handled and documented'),
('ESC0004','CALL0008','AGT005','AGT011','Member threat','Specialist','2024-07-05 14:06:00','Transferred','Escalation handled and documented'),
('ESC0005','CALL0010','AGT010','AGT020','Member threat','Tier 2','2024-06-08 15:52:00','Resolved','Escalation handled and documented'),
('ESC0006','CALL0012','AGT008','AGT018','Complex claim issue','Specialist','2024-01-16 11:53:00','Transferred','Escalation handled and documented'),
('ESC0007','CALL0014','AGT008','AGT008','Complex claim issue','Management','2024-11-26 11:09:00','Resolved','Escalation handled and documented'),
('ESC0008','CALL0016','AGT010','AGT008','Member requested supervisor','Management','2024-08-14 16:35:00','Transferred','Escalation handled and documented'),
('ESC0009','CALL0018','AGT007','AGT014','Complex claim issue','Management','2024-11-19 14:47:00','Pending','Escalation handled and documented'),
('ESC0010','CALL0020','AGT012','AGT009','Unresolved after 2 attempts','Specialist','2024-06-08 13:34:00','Pending','Escalation handled and documented'),
('ESC0011','CALL0022','AGT003','AGT005','Compliance concern','Supervisor','2024-09-19 10:06:00','Transferred','Escalation handled and documented'),
('ESC0012','CALL0024','AGT016','AGT018','Compliance concern','Tier 2','2024-10-08 13:45:00','Transferred','Escalation handled and documented'),
('ESC0013','CALL0026','AGT018','AGT008','Unresolved after 2 attempts','Specialist','2024-10-27 08:29:00','Transferred','Escalation handled and documented'),
('ESC0014','CALL0028','AGT015','AGT016','Member threat','Management','2024-02-06 08:35:00','Pending','Escalation handled and documented'),
('ESC0015','CALL0030','AGT018','AGT002','Compliance concern','Management','2024-12-05 09:43:00','Pending','Escalation handled and documented'),
('ESC0016','CALL0032','AGT003','AGT009','Member threat','Specialist','2024-12-01 17:31:00','Pending','Escalation handled and documented'),
('ESC0017','CALL0034','AGT005','AGT013','Complex claim issue','Management','2024-05-18 12:21:00','Resolved','Escalation handled and documented'),
('ESC0018','CALL0036','AGT019','AGT017','Unresolved after 2 attempts','Supervisor','2024-09-22 17:20:00','Resolved','Escalation handled and documented'),
('ESC0019','CALL0038','AGT020','AGT002','Compliance concern','Tier 2','2024-02-20 09:33:00','Pending','Escalation handled and documented'),
('ESC0020','CALL0040','AGT006','AGT007','Complex claim issue','Supervisor','2024-03-01 15:46:00','Resolved','Escalation handled and documented'),
('ESC0021','CALL0042','AGT011','AGT003','Member requested supervisor','Management','2024-10-23 14:51:00','Pending','Escalation handled and documented'),
('ESC0022','CALL0044','AGT013','AGT016','Complex claim issue','Specialist','2024-03-04 12:22:00','Resolved','Escalation handled and documented'),
('ESC0023','CALL0046','AGT014','AGT009','Unresolved after 2 attempts','Tier 2','2024-03-09 14:12:00','Resolved','Escalation handled and documented'),
('ESC0024','CALL0048','AGT012','AGT003','Compliance concern','Management','2024-02-17 12:01:00','Transferred','Escalation handled and documented'),
('ESC0025','CALL0050','AGT002','AGT018','Member requested supervisor','Specialist','2024-02-06 08:33:00','Resolved','Escalation handled and documented'),
('ESC0026','CALL0052','AGT001','AGT011','Unresolved after 2 attempts','Specialist','2024-01-26 17:36:00','Pending','Escalation handled and documented'),
('ESC0027','CALL0054','AGT003','AGT006','Complex claim issue','Management','2024-03-18 11:22:00','Resolved','Escalation handled and documented'),
('ESC0028','CALL0056','AGT005','AGT020','Compliance concern','Supervisor','2024-08-23 10:32:00','Resolved','Escalation handled and documented'),
('ESC0029','CALL0058','AGT015','AGT001','Member threat','Tier 2','2024-09-26 09:51:00','Pending','Escalation handled and documented'),
('ESC0030','CALL0060','AGT010','AGT004','Compliance concern','Supervisor','2024-10-17 10:57:00','Resolved','Escalation handled and documented'),
('ESC0031','CALL0062','AGT016','AGT007','Member threat','Supervisor','2024-10-11 15:59:00','Transferred','Escalation handled and documented'),
('ESC0032','CALL0064','AGT018','AGT013','Unresolved after 2 attempts','Tier 2','2024-11-18 09:21:00','Resolved','Escalation handled and documented'),
('ESC0033','CALL0066','AGT012','AGT005','Complex claim issue','Management','2024-04-26 14:02:00','Pending','Escalation handled and documented'),
('ESC0034','CALL0068','AGT002','AGT016','Member threat','Tier 2','2024-09-03 13:58:00','Transferred','Escalation handled and documented'),
('ESC0035','CALL0070','AGT019','AGT019','Member threat','Management','2024-09-21 11:18:00','Pending','Escalation handled and documented'),
('ESC0036','CALL0072','AGT005','AGT015','Complex claim issue','Specialist','2024-11-14 14:27:00','Pending','Escalation handled and documented'),
('ESC0037','CALL0074','AGT003','AGT016','Member requested supervisor','Management','2024-02-11 16:30:00','Transferred','Escalation handled and documented'),
('ESC0038','CALL0076','AGT013','AGT010','Unresolved after 2 attempts','Specialist','2024-11-23 08:33:00','Resolved','Escalation handled and documented'),
('ESC0039','CALL0078','AGT007','AGT003','Compliance concern','Supervisor','2024-11-11 08:34:00','Resolved','Escalation handled and documented'),
('ESC0040','CALL0080','AGT002','AGT010','Unresolved after 2 attempts','Supervisor','2024-06-18 08:52:00','Transferred','Escalation handled and documented'),
('ESC0041','CALL0082','AGT014','AGT017','Member threat','Supervisor','2024-09-12 08:58:00','Resolved','Escalation handled and documented'),
('ESC0042','CALL0084','AGT004','AGT015','Complex claim issue','Supervisor','2024-12-11 09:45:00','Resolved','Escalation handled and documented'),
('ESC0043','CALL0086','AGT016','AGT007','Member threat','Tier 2','2024-01-13 11:57:00','Transferred','Escalation handled and documented'),
('ESC0044','CALL0088','AGT004','AGT010','Member requested supervisor','Supervisor','2024-11-27 13:11:00','Pending','Escalation handled and documented'),
('ESC0045','CALL0090','AGT008','AGT012','Unresolved after 2 attempts','Tier 2','2024-03-05 17:15:00','Transferred','Escalation handled and documented'),
('ESC0046','CALL0092','AGT009','AGT014','Member threat','Specialist','2024-04-21 12:26:00','Transferred','Escalation handled and documented'),
('ESC0047','CALL0094','AGT001','AGT014','Unresolved after 2 attempts','Management','2024-05-27 11:52:00','Pending','Escalation handled and documented'),
('ESC0048','CALL0096','AGT009','AGT020','Member requested supervisor','Management','2024-01-23 15:08:00','Transferred','Escalation handled and documented'),
('ESC0049','CALL0098','AGT008','AGT003','Member requested supervisor','Tier 2','2024-03-26 15:04:00','Resolved','Escalation handled and documented'),
('ESC0050','CALL0100','AGT018','AGT011','Complex claim issue','Specialist','2024-11-23 14:18:00','Transferred','Escalation handled and documented');

INSERT INTO callcenter.callback_request (callback_id,member_id,call_id,requested_time,scheduled_time,completed_time,phone_number,reason,status,assigned_agent_id) VALUES
('CBK0001','MBR0037','CALL0037','2024-10-09 09:48:00','2024-02-13 11:00:00',NULL,'(288) 768-9158','Claim status','Scheduled','AGT017'),
('CBK0002','MBR0005','CALL0061','2024-08-04 09:14:00','2024-01-27 14:00:00',NULL,'(388) 285-2104','Claim status','Completed','AGT020'),
('CBK0003','MBR0048','CALL0057','2024-12-05 15:38:00',NULL,NULL,'(987) 242-9251','Claim status','Scheduled','AGT011'),
('CBK0004','MBR0006','CALL0073','2024-01-05 13:55:00','2024-05-06 13:00:00','2024-08-07 08:30:00','(600) 589-3508','Billing inquiry','Cancelled','AGT003'),
('CBK0005','MBR0029','CALL0024','2024-11-07 13:42:00','2024-12-15 08:00:00',NULL,'(651) 271-5026','General inquiry','Cancelled','AGT010'),
('CBK0006','MBR0072','CALL0021','2024-03-18 13:03:00',NULL,NULL,'(314) 901-2067','Prior auth status','Cancelled','AGT018'),
('CBK0007','MBR0003','CALL0080','2024-12-06 13:23:00','2024-01-05 09:00:00',NULL,'(900) 439-1096','Prior auth status','Pending','AGT019'),
('CBK0008','MBR0008','CALL0050','2024-10-04 11:48:00','2024-11-02 17:00:00','2024-09-03 08:30:00','(864) 687-7325','Billing inquiry','Cancelled','AGT013'),
('CBK0009','MBR0058','CALL0096','2024-04-22 15:39:00',NULL,NULL,'(456) 553-8454','Prior auth status','Scheduled','AGT015'),
('CBK0010','MBR0069','CALL0047','2024-04-05 12:40:00','2024-12-06 14:00:00',NULL,'(463) 364-7030','Benefits question','Completed','AGT010'),
('CBK0011','MBR0019','CALL0006','2024-08-14 16:54:00','2024-04-13 10:00:00',NULL,'(841) 561-4409','Prior auth status','Completed','AGT014'),
('CBK0012','MBR0059','CALL0094','2024-08-15 14:29:00',NULL,'2024-06-11 13:30:00','(881) 608-3180','General inquiry','Scheduled','AGT008'),
('CBK0013','MBR0028','CALL0092','2024-04-19 11:55:00','2024-12-22 17:00:00',NULL,'(572) 674-9981','Prior auth status','Completed','AGT010'),
('CBK0014','MBR0028','CALL0051','2024-03-16 09:34:00','2024-11-15 12:00:00',NULL,'(993) 838-7752','Benefits question','Scheduled','AGT007'),
('CBK0015','MBR0044','CALL0071','2024-03-22 14:59:00',NULL,NULL,'(729) 642-3954','Prior auth status','Pending','AGT007'),
('CBK0016','MBR0050','CALL0073','2024-11-06 12:47:00','2024-11-19 10:00:00','2024-11-13 17:30:00','(402) 354-7738','Billing inquiry','Completed','AGT008'),
('CBK0017','MBR0095','CALL0017','2024-08-11 17:59:00','2024-10-17 08:00:00',NULL,'(892) 299-2070','Benefits question','Pending','AGT001'),
('CBK0018','MBR0007','CALL0043','2024-02-11 13:12:00',NULL,NULL,'(961) 354-4489','Billing inquiry','Pending','AGT012'),
('CBK0019','MBR0080','CALL0041','2024-10-27 15:30:00','2024-06-23 10:00:00',NULL,'(496) 510-2662','General inquiry','Scheduled','AGT005'),
('CBK0020','MBR0021','CALL0054','2024-02-18 17:26:00','2024-03-18 16:00:00','2024-11-16 12:30:00','(906) 455-2857','Claim status','Completed','AGT004'),
('CBK0021','MBR0097','CALL0006','2024-03-13 15:24:00',NULL,NULL,'(688) 374-1326','General inquiry','Completed','AGT015'),
('CBK0022','MBR0075','CALL0074','2024-03-15 08:31:00','2024-11-19 13:00:00',NULL,'(547) 287-7061','Benefits question','Scheduled','AGT005'),
('CBK0023','MBR0080','CALL0039','2024-11-13 10:07:00','2024-11-07 13:00:00',NULL,'(499) 928-2361','Billing inquiry','Cancelled','AGT016'),
('CBK0024','MBR0003','CALL0080','2024-10-14 10:23:00',NULL,'2024-05-07 16:30:00','(486) 732-1384','Prior auth status','Completed','AGT006'),
('CBK0025','MBR0007','CALL0084','2024-04-23 12:16:00','2024-08-14 13:00:00',NULL,'(241) 479-8505','Benefits question','Completed','AGT018'),
('CBK0026','MBR0005','CALL0017','2024-10-01 17:01:00','2024-05-13 11:00:00',NULL,'(681) 589-7363','Benefits question','Completed','AGT013'),
('CBK0027','MBR0043','CALL0047','2024-09-28 14:26:00',NULL,NULL,'(924) 550-3168','Billing inquiry','Completed','AGT018'),
('CBK0028','MBR0025','CALL0063','2024-05-09 09:58:00','2024-08-22 09:00:00','2024-11-11 16:30:00','(316) 223-3105','Benefits question','Scheduled','AGT003'),
('CBK0029','MBR0023','CALL0048','2024-02-05 17:51:00','2024-04-25 09:00:00',NULL,'(277) 209-1220','Billing inquiry','Cancelled','AGT003'),
('CBK0030','MBR0020','CALL0075','2024-11-28 15:40:00',NULL,NULL,'(538) 880-2733','General inquiry','Pending','AGT002'),
('CBK0031','MBR0091','CALL0018','2024-04-24 09:11:00','2024-02-23 09:00:00',NULL,'(203) 643-4818','Claim status','Pending','AGT003'),
('CBK0032','MBR0050','CALL0042','2024-11-17 11:30:00','2024-04-23 15:00:00','2024-10-23 10:30:00','(680) 494-2003','Prior auth status','Scheduled','AGT017'),
('CBK0033','MBR0001','CALL0011','2024-03-07 12:09:00',NULL,NULL,'(755) 789-4102','Benefits question','Pending','AGT007'),
('CBK0034','MBR0024','CALL0042','2024-04-06 14:40:00','2024-10-10 17:00:00',NULL,'(622) 718-5676','Claim status','Completed','AGT009'),
('CBK0035','MBR0045','CALL0095','2024-04-17 08:41:00','2024-11-09 12:00:00',NULL,'(972) 365-2059','Benefits question','Pending','AGT016'),
('CBK0036','MBR0045','CALL0094','2024-01-20 14:05:00',NULL,'2024-11-25 15:30:00','(212) 962-2445','Billing inquiry','Cancelled','AGT012'),
('CBK0037','MBR0090','CALL0088','2024-10-22 09:36:00','2024-05-24 13:00:00',NULL,'(661) 566-8871','Billing inquiry','Completed','AGT010'),
('CBK0038','MBR0098','CALL0063','2024-06-18 11:14:00','2024-10-06 08:00:00',NULL,'(907) 561-7713','Prior auth status','Completed','AGT011'),
('CBK0039','MBR0052','CALL0060','2024-08-15 10:09:00',NULL,NULL,'(955) 968-7317','Prior auth status','Pending','AGT005'),
('CBK0040','MBR0041','CALL0049','2024-11-05 14:23:00','2024-01-14 10:00:00','2024-03-19 10:30:00','(422) 297-1268','Prior auth status','Completed','AGT005'),
('CBK0041','MBR0035','CALL0044','2024-04-01 15:25:00','2024-03-10 16:00:00',NULL,'(484) 433-4112','Prior auth status','Cancelled','AGT016'),
('CBK0042','MBR0056','CALL0056','2024-03-16 08:22:00',NULL,NULL,'(308) 268-6296','Prior auth status','Cancelled','AGT010'),
('CBK0043','MBR0019','CALL0031','2024-09-16 11:26:00','2024-08-01 12:00:00',NULL,'(846) 362-6547','Billing inquiry','Cancelled','AGT014'),
('CBK0044','MBR0079','CALL0016','2024-10-05 16:18:00','2024-06-24 13:00:00','2024-12-28 10:30:00','(578) 778-8758','Benefits question','Pending','AGT015'),
('CBK0045','MBR0048','CALL0054','2024-04-07 13:44:00',NULL,NULL,'(439) 520-8801','Billing inquiry','Cancelled','AGT011'),
('CBK0046','MBR0074','CALL0043','2024-12-07 10:20:00','2024-11-19 11:00:00',NULL,'(925) 807-4883','Claim status','Completed','AGT019'),
('CBK0047','MBR0061','CALL0003','2024-06-17 09:24:00','2024-03-20 13:00:00',NULL,'(283) 741-9043','Prior auth status','Cancelled','AGT009'),
('CBK0048','MBR0009','CALL0058','2024-07-25 11:50:00',NULL,'2024-05-23 10:30:00','(572) 996-1967','Prior auth status','Scheduled','AGT008'),
('CBK0049','MBR0082','CALL0001','2024-06-12 17:30:00','2024-09-05 12:00:00',NULL,'(527) 696-6147','General inquiry','Cancelled','AGT007'),
('CBK0050','MBR0083','CALL0025','2024-10-20 09:18:00','2024-12-02 11:00:00',NULL,'(736) 716-5627','Claim status','Completed','AGT014'),
('CBK0051','MBR0090','CALL0002','2024-05-09 11:09:00',NULL,NULL,'(503) 225-1472','Prior auth status','Pending','AGT012'),
('CBK0052','MBR0060','CALL0100','2024-03-15 14:35:00','2024-03-20 15:00:00','2024-06-04 12:30:00','(666) 482-4240','General inquiry','Completed','AGT010'),
('CBK0053','MBR0021','CALL0076','2024-03-11 08:07:00','2024-01-28 13:00:00',NULL,'(765) 688-7042','Claim status','Completed','AGT013'),
('CBK0054','MBR0071','CALL0004','2024-11-14 13:25:00',NULL,NULL,'(382) 534-1565','Billing inquiry','Completed','AGT019'),
('CBK0055','MBR0097','CALL0073','2024-01-17 08:46:00','2024-12-23 10:00:00',NULL,'(708) 265-2112','Claim status','Scheduled','AGT004'),
('CBK0056','MBR0067','CALL0021','2024-12-08 09:48:00','2024-06-12 13:00:00','2024-02-14 13:30:00','(968) 271-9068','Prior auth status','Cancelled','AGT002'),
('CBK0057','MBR0068','CALL0054','2024-11-26 14:44:00',NULL,NULL,'(358) 761-2465','Claim status','Completed','AGT006'),
('CBK0058','MBR0015','CALL0098','2024-05-08 11:03:00','2024-11-22 16:00:00',NULL,'(224) 253-4694','Prior auth status','Pending','AGT002'),
('CBK0059','MBR0029','CALL0098','2024-04-05 10:32:00','2024-06-11 14:00:00',NULL,'(974) 849-7484','Benefits question','Cancelled','AGT010'),
('CBK0060','MBR0064','CALL0004','2024-11-23 14:35:00',NULL,'2024-02-02 11:30:00','(803) 236-4421','Claim status','Cancelled','AGT016'),
('CBK0061','MBR0001','CALL0045','2024-12-03 17:56:00','2024-06-17 10:00:00',NULL,'(606) 417-3494','General inquiry','Pending','AGT020'),
('CBK0062','MBR0037','CALL0035','2024-09-12 16:24:00','2024-03-27 11:00:00',NULL,'(972) 822-5198','Billing inquiry','Scheduled','AGT011'),
('CBK0063','MBR0034','CALL0051','2024-02-21 12:28:00',NULL,NULL,'(229) 656-9385','Prior auth status','Scheduled','AGT006'),
('CBK0064','MBR0015','CALL0006','2024-07-26 09:47:00','2024-04-07 17:00:00','2024-12-24 12:30:00','(906) 890-4511','General inquiry','Completed','AGT012'),
('CBK0065','MBR0060','CALL0007','2024-11-21 11:36:00','2024-05-07 16:00:00',NULL,'(224) 517-1202','Claim status','Scheduled','AGT011'),
('CBK0066','MBR0027','CALL0064','2024-12-13 13:29:00',NULL,NULL,'(600) 816-3707','Prior auth status','Completed','AGT018'),
('CBK0067','MBR0077','CALL0037','2024-11-28 11:04:00','2024-10-04 08:00:00',NULL,'(231) 834-1819','Benefits question','Completed','AGT001'),
('CBK0068','MBR0039','CALL0057','2024-07-24 17:10:00','2024-02-02 13:00:00','2024-04-21 11:30:00','(633) 959-7108','Benefits question','Completed','AGT014'),
('CBK0069','MBR0084','CALL0003','2024-05-25 08:57:00',NULL,NULL,'(322) 509-3323','Billing inquiry','Completed','AGT007'),
('CBK0070','MBR0016','CALL0082','2024-12-22 08:56:00','2024-08-06 08:00:00',NULL,'(315) 288-4847','Prior auth status','Cancelled','AGT018'),
('CBK0071','MBR0035','CALL0035','2024-01-23 17:30:00','2024-02-24 10:00:00',NULL,'(420) 266-7513','Prior auth status','Pending','AGT002'),
('CBK0072','MBR0064','CALL0056','2024-08-14 10:00:00',NULL,'2024-10-02 09:30:00','(988) 487-5613','Prior auth status','Scheduled','AGT009'),
('CBK0073','MBR0004','CALL0086','2024-05-28 11:15:00','2024-12-15 08:00:00',NULL,'(865) 245-8132','General inquiry','Completed','AGT008'),
('CBK0074','MBR0092','CALL0096','2024-01-10 13:05:00','2024-10-12 15:00:00',NULL,'(683) 757-3685','Billing inquiry','Completed','AGT018'),
('CBK0075','MBR0070','CALL0019','2024-06-24 13:26:00',NULL,NULL,'(378) 794-7582','Billing inquiry','Completed','AGT012'),
('CBK0076','MBR0099','CALL0038','2024-03-27 15:43:00','2024-09-14 13:00:00','2024-07-03 17:30:00','(459) 340-6452','Billing inquiry','Completed','AGT015'),
('CBK0077','MBR0097','CALL0070','2024-11-06 08:21:00','2024-09-28 10:00:00',NULL,'(813) 549-9850','Claim status','Cancelled','AGT005'),
('CBK0078','MBR0027','CALL0089','2024-07-03 14:56:00',NULL,NULL,'(314) 713-9912','Benefits question','Cancelled','AGT004'),
('CBK0079','MBR0074','CALL0001','2024-05-18 10:47:00','2024-04-22 13:00:00',NULL,'(700) 319-6332','Billing inquiry','Cancelled','AGT013'),
('CBK0080','MBR0067','CALL0085','2024-07-08 17:22:00','2024-12-14 09:00:00','2024-04-21 15:30:00','(359) 910-4085','Benefits question','Cancelled','AGT004'),
('CBK0081','MBR0064','CALL0019','2024-02-23 12:15:00',NULL,NULL,'(973) 615-5962','Claim status','Cancelled','AGT004'),
('CBK0082','MBR0025','CALL0004','2024-01-01 12:07:00','2024-04-06 09:00:00',NULL,'(268) 459-8415','Benefits question','Completed','AGT012'),
('CBK0083','MBR0085','CALL0052','2024-01-23 17:19:00','2024-06-13 13:00:00',NULL,'(413) 511-8020','General inquiry','Cancelled','AGT016'),
('CBK0084','MBR0082','CALL0079','2024-10-02 15:02:00',NULL,'2024-08-11 13:30:00','(231) 461-8759','Prior auth status','Cancelled','AGT004'),
('CBK0085','MBR0055','CALL0089','2024-10-20 13:43:00','2024-08-01 14:00:00',NULL,'(239) 699-2422','Prior auth status','Completed','AGT018'),
('CBK0086','MBR0012','CALL0011','2024-04-24 09:29:00','2024-07-24 13:00:00',NULL,'(447) 818-8688','Benefits question','Completed','AGT010'),
('CBK0087','MBR0071','CALL0100','2024-12-28 15:13:00',NULL,NULL,'(828) 620-2555','Benefits question','Scheduled','AGT019'),
('CBK0088','MBR0087','CALL0100','2024-01-17 15:04:00','2024-09-06 15:00:00','2024-05-23 17:30:00','(597) 748-1798','Billing inquiry','Cancelled','AGT004'),
('CBK0089','MBR0090','CALL0067','2024-08-06 15:18:00','2024-03-02 12:00:00',NULL,'(815) 539-7991','Benefits question','Scheduled','AGT003'),
('CBK0090','MBR0026','CALL0062','2024-08-08 08:24:00',NULL,NULL,'(994) 962-3893','Prior auth status','Pending','AGT010'),
('CBK0091','MBR0024','CALL0029','2024-06-28 17:54:00','2024-08-08 15:00:00',NULL,'(917) 318-2663','Claim status','Scheduled','AGT005'),
('CBK0092','MBR0095','CALL0078','2024-10-01 15:31:00','2024-06-26 14:00:00','2024-01-23 16:30:00','(910) 577-9904','Benefits question','Completed','AGT016'),
('CBK0093','MBR0005','CALL0036','2024-07-18 14:04:00',NULL,NULL,'(266) 289-5305','Billing inquiry','Completed','AGT013'),
('CBK0094','MBR0065','CALL0032','2024-03-04 08:10:00','2024-02-19 10:00:00',NULL,'(880) 401-8308','General inquiry','Completed','AGT018'),
('CBK0095','MBR0034','CALL0062','2024-02-26 10:37:00','2024-07-04 16:00:00',NULL,'(240) 437-4316','Claim status','Completed','AGT005'),
('CBK0096','MBR0096','CALL0090','2024-07-01 13:03:00',NULL,'2024-09-26 08:30:00','(315) 737-5356','General inquiry','Cancelled','AGT001'),
('CBK0097','MBR0039','CALL0018','2024-06-08 15:51:00','2024-04-07 15:00:00',NULL,'(689) 690-4508','Benefits question','Scheduled','AGT013'),
('CBK0098','MBR0071','CALL0082','2024-11-18 09:09:00','2024-11-05 16:00:00',NULL,'(348) 978-2114','Prior auth status','Cancelled','AGT003'),
('CBK0099','MBR0073','CALL0022','2024-04-21 14:53:00',NULL,NULL,'(840) 570-4692','Billing inquiry','Completed','AGT002'),
('CBK0100','MBR0097','CALL0056','2024-01-28 13:49:00','2024-07-01 11:00:00','2024-11-24 13:30:00','(600) 660-4681','Claim status','Completed','AGT020');

INSERT INTO callcenter.ivr_session (session_id,call_id,session_start,session_end,phone_number,menu_path,exit_reason,transferred_to_agent,self_service_completed,intent_detected) VALUES
('IVR0001','CALL0001',2024-09-14 10:15:00,'2024-09-14 10:15:00','(813) 733-5712','["Main Menu","Benefits","Deductible"]','Transferred to Agent',FALSE,FALSE,'Check Claim Status'),
('IVR0002','CALL0002',2024-07-03 16:05:00,'2024-07-03 16:05:00','(921) 995-3384','["Main Menu","Benefits","Deductible"]','Abandoned',TRUE,TRUE,'Request ID Card'),
('IVR0003','CALL0003',2024-08-21 13:19:00,'2024-08-21 13:19:00','(748) 819-6359','["Main Menu","Claims","Claim Status"]','Transferred to Agent',FALSE,FALSE,'Pharmacy Inquiry'),
('IVR0004','CALL0004',2024-07-25 17:44:00,'2024-07-25 17:44:00','(773) 898-3248','["Main Menu","Benefits","Deductible"]','Transferred to Agent',TRUE,FALSE,'Speak to Agent'),
('IVR0005','CALL0005',2024-09-17 17:40:00,'2024-09-17 17:40:00','(264) 457-5394','["Main Menu","Benefits","Deductible"]','Transferred to Agent',FALSE,FALSE,'Pay Bill'),
('IVR0006','CALL0006',2024-06-11 11:36:00,'2024-06-11 11:36:00','(395) 556-6019','["Main Menu","Claims","Claim Status"]','Completed',FALSE,FALSE,'Prior Auth Status'),
('IVR0007','CALL0007',2024-05-09 17:27:00,'2024-05-09 17:27:00','(885) 874-4085','["Main Menu","Benefits","Deductible"]','Abandoned',FALSE,TRUE,'Request ID Card'),
('IVR0008','CALL0008',2024-04-22 13:45:00,'2024-04-22 13:45:00','(755) 766-6261','["Main Menu","Benefits","Deductible"]','Completed',FALSE,FALSE,'Find Provider'),
('IVR0009','CALL0009',2024-02-24 12:40:00,'2024-02-24 12:40:00','(452) 410-6527','["Main Menu","Claims","Claim Status"]','Completed',FALSE,FALSE,'Speak to Agent'),
('IVR0010','CALL0010',2024-04-13 15:45:00,'2024-04-13 15:45:00','(477) 781-8521','["Main Menu","Benefits","Deductible"]','Abandoned',TRUE,TRUE,'Benefits Inquiry'),
('IVR0011','CALL0011',2024-05-04 14:52:00,'2024-05-04 14:52:00','(763) 602-1053','["Main Menu","Benefits","Deductible"]','Completed',TRUE,FALSE,'Pharmacy Inquiry'),
('IVR0012','CALL0012',2024-08-18 17:52:00,'2024-08-18 17:52:00','(483) 723-7889','["Main Menu","Claims","Claim Status"]','Completed',TRUE,FALSE,'Pharmacy Inquiry'),
('IVR0013','CALL0013',2024-10-04 15:27:00,'2024-10-04 15:27:00','(596) 520-2956','["Main Menu","Benefits","Deductible"]','Completed',TRUE,FALSE,'Check Claim Status'),
('IVR0014','CALL0014',2024-01-28 09:17:00,'2024-01-28 09:17:00','(310) 761-9769','["Main Menu","Benefits","Deductible"]','Transferred to Agent',TRUE,TRUE,'Prior Auth Status'),
('IVR0015','CALL0015',2024-04-02 17:03:00,'2024-04-02 17:03:00','(210) 314-6531','["Main Menu","Claims","Claim Status"]','Abandoned',FALSE,TRUE,'Pay Bill'),
('IVR0016','CALL0016',2024-04-08 17:38:00,'2024-04-08 17:38:00','(784) 969-5370','["Main Menu","Benefits","Deductible"]','Abandoned',TRUE,TRUE,'Check Claim Status'),
('IVR0017','CALL0017',2024-09-19 13:48:00,'2024-09-19 13:48:00','(425) 375-7279','["Main Menu","Benefits","Deductible"]','Completed',TRUE,TRUE,'Find Provider'),
('IVR0018','CALL0018',2024-02-19 17:17:00,'2024-02-19 17:17:00','(697) 327-2567','["Main Menu","Claims","Claim Status"]','Completed',FALSE,TRUE,'Pharmacy Inquiry'),
('IVR0019','CALL0019',2024-10-06 10:58:00,'2024-10-06 10:58:00','(425) 486-2759','["Main Menu","Benefits","Deductible"]','Completed',TRUE,FALSE,'Prior Auth Status'),
('IVR0020','CALL0020',2024-08-07 11:06:00,'2024-08-07 11:06:00','(283) 618-8276','["Main Menu","Benefits","Deductible"]','Transferred to Agent',TRUE,FALSE,'Prior Auth Status'),
('IVR0021','CALL0021',2024-01-18 12:13:00,'2024-01-18 12:13:00','(889) 703-8154','["Main Menu","Claims","Claim Status"]','Abandoned',TRUE,TRUE,'Prior Auth Status'),
('IVR0022','CALL0022',2024-08-20 11:23:00,'2024-08-20 11:23:00','(347) 920-2267','["Main Menu","Benefits","Deductible"]','Abandoned',FALSE,FALSE,'Find Provider'),
('IVR0023','CALL0023',2024-07-07 11:20:00,'2024-07-07 11:20:00','(561) 614-5491','["Main Menu","Benefits","Deductible"]','Completed',FALSE,FALSE,'Prior Auth Status'),
('IVR0024','CALL0024',2024-10-16 08:43:00,'2024-10-16 08:43:00','(776) 449-2059','["Main Menu","Claims","Claim Status"]','Transferred to Agent',FALSE,TRUE,'Speak to Agent'),
('IVR0025','CALL0025',2024-06-13 08:31:00,'2024-06-13 08:31:00','(646) 941-8296','["Main Menu","Benefits","Deductible"]','Transferred to Agent',TRUE,TRUE,'Pay Bill'),
('IVR0026','CALL0026',2024-05-12 12:30:00,'2024-05-12 12:30:00','(361) 372-4590','["Main Menu","Benefits","Deductible"]','Abandoned',FALSE,FALSE,'Pay Bill'),
('IVR0027','CALL0027',2024-01-13 13:03:00,'2024-01-13 13:03:00','(978) 434-2474','["Main Menu","Claims","Claim Status"]','Abandoned',FALSE,TRUE,'Check Claim Status'),
('IVR0028','CALL0028',2024-05-03 16:59:00,'2024-05-03 16:59:00','(461) 663-3441','["Main Menu","Benefits","Deductible"]','Transferred to Agent',TRUE,FALSE,'Find Provider'),
('IVR0029','CALL0029',2024-04-14 12:10:00,'2024-04-14 12:10:00','(733) 268-4798','["Main Menu","Benefits","Deductible"]','Completed',FALSE,FALSE,'Find Provider'),
('IVR0030','CALL0030',2024-05-18 15:27:00,'2024-05-18 15:27:00','(371) 441-1281','["Main Menu","Claims","Claim Status"]','Completed',FALSE,TRUE,'Benefits Inquiry'),
('IVR0031','CALL0031',2024-05-27 10:34:00,'2024-05-27 10:34:00','(327) 997-8578','["Main Menu","Benefits","Deductible"]','Abandoned',FALSE,FALSE,'Find Provider'),
('IVR0032','CALL0032',2024-09-06 11:50:00,'2024-09-06 11:50:00','(208) 533-3814','["Main Menu","Benefits","Deductible"]','Transferred to Agent',TRUE,TRUE,'Check Claim Status'),
('IVR0033','CALL0033',2024-07-05 10:03:00,'2024-07-05 10:03:00','(680) 359-3167','["Main Menu","Claims","Claim Status"]','Completed',FALSE,FALSE,'Request ID Card'),
('IVR0034','CALL0034',2024-08-08 15:11:00,'2024-08-08 15:11:00','(927) 312-5066','["Main Menu","Benefits","Deductible"]','Completed',FALSE,FALSE,'Benefits Inquiry'),
('IVR0035','CALL0035',2024-07-05 08:18:00,'2024-07-05 08:18:00','(671) 741-9027','["Main Menu","Benefits","Deductible"]','Abandoned',FALSE,FALSE,'Prior Auth Status'),
('IVR0036','CALL0036',2024-09-15 16:22:00,'2024-09-15 16:22:00','(820) 791-7638','["Main Menu","Claims","Claim Status"]','Transferred to Agent',TRUE,FALSE,'Pharmacy Inquiry'),
('IVR0037','CALL0037',2024-03-26 08:13:00,'2024-03-26 08:13:00','(275) 814-7021','["Main Menu","Benefits","Deductible"]','Transferred to Agent',TRUE,FALSE,'Prior Auth Status'),
('IVR0038','CALL0038',2024-07-10 13:01:00,'2024-07-10 13:01:00','(522) 698-4255','["Main Menu","Benefits","Deductible"]','Completed',TRUE,FALSE,'Find Provider'),
('IVR0039','CALL0039',2024-08-28 17:50:00,'2024-08-28 17:50:00','(976) 967-3291','["Main Menu","Claims","Claim Status"]','Abandoned',FALSE,FALSE,'Find Provider'),
('IVR0040','CALL0040',2024-01-08 15:16:00,'2024-01-08 15:16:00','(698) 608-8640','["Main Menu","Benefits","Deductible"]','Abandoned',TRUE,FALSE,'Pharmacy Inquiry'),
('IVR0041','CALL0041',2024-03-14 08:15:00,'2024-03-14 08:15:00','(349) 855-2659','["Main Menu","Benefits","Deductible"]','Transferred to Agent',TRUE,FALSE,'Prior Auth Status'),
('IVR0042','CALL0042',2024-11-28 14:04:00,'2024-11-28 14:04:00','(812) 501-6812','["Main Menu","Claims","Claim Status"]','Abandoned',TRUE,TRUE,'Pharmacy Inquiry'),
('IVR0043','CALL0043',2024-02-12 13:12:00,'2024-02-12 13:12:00','(517) 718-3718','["Main Menu","Benefits","Deductible"]','Completed',FALSE,TRUE,'Request ID Card'),
('IVR0044','CALL0044',2024-01-01 16:13:00,'2024-01-01 16:13:00','(845) 733-7082','["Main Menu","Benefits","Deductible"]','Completed',TRUE,FALSE,'Pharmacy Inquiry'),
('IVR0045','CALL0045',2024-06-20 13:18:00,'2024-06-20 13:18:00','(576) 252-9470','["Main Menu","Claims","Claim Status"]','Abandoned',TRUE,FALSE,'Pharmacy Inquiry'),
('IVR0046','CALL0046',2024-07-25 16:02:00,'2024-07-25 16:02:00','(882) 998-9978','["Main Menu","Benefits","Deductible"]','Abandoned',FALSE,FALSE,'Find Provider'),
('IVR0047','CALL0047',2024-07-11 15:46:00,'2024-07-11 15:46:00','(939) 850-5376','["Main Menu","Benefits","Deductible"]','Completed',TRUE,FALSE,'Benefits Inquiry'),
('IVR0048','CALL0048',2024-10-13 12:25:00,'2024-10-13 12:25:00','(425) 242-1721','["Main Menu","Claims","Claim Status"]','Transferred to Agent',TRUE,TRUE,'Prior Auth Status'),
('IVR0049','CALL0049',2024-10-07 14:51:00,'2024-10-07 14:51:00','(355) 637-9962','["Main Menu","Benefits","Deductible"]','Abandoned',TRUE,FALSE,'Check Claim Status'),
('IVR0050','CALL0050',2024-02-06 08:16:00,'2024-02-06 08:16:00','(944) 694-2082','["Main Menu","Benefits","Deductible"]','Completed',TRUE,FALSE,'Pharmacy Inquiry'),
('IVR0051','CALL0051',2024-02-03 15:51:00,'2024-02-03 15:51:00','(550) 831-7096','["Main Menu","Claims","Claim Status"]','Transferred to Agent',FALSE,TRUE,'Speak to Agent'),
('IVR0052','CALL0052',2024-11-22 13:33:00,'2024-11-22 13:33:00','(359) 883-9520','["Main Menu","Benefits","Deductible"]','Abandoned',TRUE,FALSE,'Pay Bill'),
('IVR0053','CALL0053',2024-04-27 08:27:00,'2024-04-27 08:27:00','(694) 478-6376','["Main Menu","Benefits","Deductible"]','Abandoned',TRUE,FALSE,'Prior Auth Status'),
('IVR0054','CALL0054',2024-01-19 12:51:00,'2024-01-19 12:51:00','(463) 309-3424','["Main Menu","Claims","Claim Status"]','Abandoned',TRUE,FALSE,'Pay Bill'),
('IVR0055','CALL0055',2024-08-05 09:44:00,'2024-08-05 09:44:00','(755) 717-6947','["Main Menu","Benefits","Deductible"]','Transferred to Agent',FALSE,FALSE,'Speak to Agent'),
('IVR0056','CALL0056',2024-05-03 11:10:00,'2024-05-03 11:10:00','(838) 692-2086','["Main Menu","Benefits","Deductible"]','Transferred to Agent',FALSE,TRUE,'Prior Auth Status'),
('IVR0057','CALL0057',2024-07-05 14:30:00,'2024-07-05 14:30:00','(231) 541-7068','["Main Menu","Claims","Claim Status"]','Completed',TRUE,FALSE,'Pharmacy Inquiry'),
('IVR0058','CALL0058',2024-07-19 11:25:00,'2024-07-19 11:25:00','(640) 440-5693','["Main Menu","Benefits","Deductible"]','Completed',FALSE,TRUE,'Find Provider'),
('IVR0059','CALL0059',2024-10-11 17:24:00,'2024-10-11 17:24:00','(284) 303-2345','["Main Menu","Benefits","Deductible"]','Completed',FALSE,TRUE,'Prior Auth Status'),
('IVR0060','CALL0060',2024-08-03 10:03:00,'2024-08-03 10:03:00','(202) 682-3909','["Main Menu","Claims","Claim Status"]','Completed',TRUE,FALSE,'Speak to Agent'),
('IVR0061','CALL0061',2024-11-22 13:42:00,'2024-11-22 13:42:00','(785) 289-1662','["Main Menu","Benefits","Deductible"]','Completed',FALSE,FALSE,'Check Claim Status'),
('IVR0062','CALL0062',2024-10-03 08:39:00,'2024-10-03 08:39:00','(200) 396-3784','["Main Menu","Benefits","Deductible"]','Transferred to Agent',FALSE,FALSE,'Request ID Card'),
('IVR0063','CALL0063',2024-10-10 17:53:00,'2024-10-10 17:53:00','(738) 273-5660','["Main Menu","Claims","Claim Status"]','Completed',TRUE,FALSE,'Request ID Card'),
('IVR0064','CALL0064',2024-03-21 16:06:00,'2024-03-21 16:06:00','(708) 821-4666','["Main Menu","Benefits","Deductible"]','Abandoned',TRUE,FALSE,'Speak to Agent'),
('IVR0065','CALL0065',2024-11-06 15:51:00,'2024-11-06 15:51:00','(663) 567-9337','["Main Menu","Benefits","Deductible"]','Transferred to Agent',TRUE,FALSE,'Prior Auth Status'),
('IVR0066','CALL0066',2024-07-26 11:50:00,'2024-07-26 11:50:00','(516) 882-6351','["Main Menu","Claims","Claim Status"]','Completed',TRUE,TRUE,'Find Provider'),
('IVR0067','CALL0067',2024-01-03 08:37:00,'2024-01-03 08:37:00','(320) 351-2764','["Main Menu","Benefits","Deductible"]','Transferred to Agent',TRUE,FALSE,'Request ID Card'),
('IVR0068','CALL0068',2024-06-23 13:37:00,'2024-06-23 13:37:00','(444) 935-8890','["Main Menu","Benefits","Deductible"]','Transferred to Agent',TRUE,FALSE,'Request ID Card'),
('IVR0069','CALL0069',2024-12-07 15:41:00,'2024-12-07 15:41:00','(234) 572-3564','["Main Menu","Claims","Claim Status"]','Transferred to Agent',TRUE,TRUE,'Check Claim Status'),
('IVR0070','CALL0070',2024-05-13 10:52:00,'2024-05-13 10:52:00','(709) 674-7512','["Main Menu","Benefits","Deductible"]','Abandoned',FALSE,FALSE,'Speak to Agent'),
('IVR0071','CALL0071',2024-12-23 14:42:00,'2024-12-23 14:42:00','(522) 969-4014','["Main Menu","Benefits","Deductible"]','Completed',FALSE,TRUE,'Request ID Card'),
('IVR0072','CALL0072',2024-07-03 15:56:00,'2024-07-03 15:56:00','(542) 351-1688','["Main Menu","Claims","Claim Status"]','Completed',TRUE,FALSE,'Request ID Card'),
('IVR0073','CALL0073',2024-04-24 10:26:00,'2024-04-24 10:26:00','(239) 989-1151','["Main Menu","Benefits","Deductible"]','Abandoned',TRUE,FALSE,'Speak to Agent'),
('IVR0074','CALL0074',2024-06-01 09:30:00,'2024-06-01 09:30:00','(990) 713-4304','["Main Menu","Benefits","Deductible"]','Completed',TRUE,FALSE,'Request ID Card'),
('IVR0075','CALL0075',2024-09-13 16:37:00,'2024-09-13 16:37:00','(827) 826-4222','["Main Menu","Claims","Claim Status"]','Transferred to Agent',FALSE,FALSE,'Check Claim Status'),
('IVR0076','CALL0076',2024-08-24 17:35:00,'2024-08-24 17:35:00','(497) 751-8478','["Main Menu","Benefits","Deductible"]','Completed',TRUE,TRUE,'Benefits Inquiry'),
('IVR0077','CALL0077',2024-08-27 14:59:00,'2024-08-27 14:59:00','(674) 823-4783','["Main Menu","Benefits","Deductible"]','Transferred to Agent',FALSE,TRUE,'Request ID Card'),
('IVR0078','CALL0078',2024-05-21 08:52:00,'2024-05-21 08:52:00','(434) 884-5163','["Main Menu","Claims","Claim Status"]','Transferred to Agent',TRUE,FALSE,'Check Claim Status'),
('IVR0079','CALL0079',2024-04-27 15:15:00,'2024-04-27 15:15:00','(606) 202-8045','["Main Menu","Benefits","Deductible"]','Completed',FALSE,FALSE,'Request ID Card'),
('IVR0080','CALL0080',2024-09-27 16:26:00,'2024-09-27 16:26:00','(216) 713-6016','["Main Menu","Benefits","Deductible"]','Abandoned',FALSE,FALSE,'Pay Bill'),
('IVR0081','CALL0081',2024-09-22 16:18:00,'2024-09-22 16:18:00','(998) 318-4847','["Main Menu","Claims","Claim Status"]','Transferred to Agent',TRUE,FALSE,'Pay Bill'),
('IVR0082','CALL0082',2024-01-22 14:05:00,'2024-01-22 14:05:00','(536) 862-5023','["Main Menu","Benefits","Deductible"]','Transferred to Agent',TRUE,TRUE,'Request ID Card'),
('IVR0083','CALL0083',2024-03-22 12:42:00,'2024-03-22 12:42:00','(463) 625-3651','["Main Menu","Benefits","Deductible"]','Transferred to Agent',TRUE,TRUE,'Benefits Inquiry'),
('IVR0084','CALL0084',2024-05-10 16:44:00,'2024-05-10 16:44:00','(761) 854-2123','["Main Menu","Claims","Claim Status"]','Completed',FALSE,FALSE,'Check Claim Status'),
('IVR0085','CALL0085',2024-04-03 12:11:00,'2024-04-03 12:11:00','(316) 983-8393','["Main Menu","Benefits","Deductible"]','Transferred to Agent',TRUE,FALSE,'Pharmacy Inquiry'),
('IVR0086','CALL0086',2024-09-04 15:42:00,'2024-09-04 15:42:00','(829) 484-2364','["Main Menu","Benefits","Deductible"]','Transferred to Agent',FALSE,FALSE,'Prior Auth Status'),
('IVR0087','CALL0087',2024-04-18 12:46:00,'2024-04-18 12:46:00','(218) 835-2415','["Main Menu","Claims","Claim Status"]','Completed',TRUE,FALSE,'Pay Bill'),
('IVR0088','CALL0088',2024-08-25 13:01:00,'2024-08-25 13:01:00','(548) 598-8084','["Main Menu","Benefits","Deductible"]','Completed',FALSE,FALSE,'Prior Auth Status'),
('IVR0089','CALL0089',2024-04-06 11:39:00,'2024-04-06 11:39:00','(852) 695-2096','["Main Menu","Benefits","Deductible"]','Abandoned',TRUE,FALSE,'Pharmacy Inquiry'),
('IVR0090','CALL0090',2024-09-25 15:24:00,'2024-09-25 15:24:00','(529) 857-7043','["Main Menu","Claims","Claim Status"]','Completed',FALSE,TRUE,'Pay Bill'),
('IVR0091','CALL0091',2024-01-19 13:01:00,'2024-01-19 13:01:00','(880) 581-6549','["Main Menu","Benefits","Deductible"]','Transferred to Agent',FALSE,TRUE,'Speak to Agent'),
('IVR0092','CALL0092',2024-08-03 10:53:00,'2024-08-03 10:53:00','(298) 808-9528','["Main Menu","Benefits","Deductible"]','Abandoned',FALSE,FALSE,'Pharmacy Inquiry'),
('IVR0093','CALL0093',2024-08-18 16:46:00,'2024-08-18 16:46:00','(979) 548-2962','["Main Menu","Claims","Claim Status"]','Abandoned',FALSE,FALSE,'Speak to Agent'),
('IVR0094','CALL0094',2024-04-10 16:52:00,'2024-04-10 16:52:00','(635) 500-1637','["Main Menu","Benefits","Deductible"]','Completed',TRUE,FALSE,'Find Provider'),
('IVR0095','CALL0095',2024-12-09 14:09:00,'2024-12-09 14:09:00','(487) 548-7750','["Main Menu","Benefits","Deductible"]','Completed',FALSE,FALSE,'Pharmacy Inquiry'),
('IVR0096','CALL0096',2024-05-24 12:26:00,'2024-05-24 12:26:00','(223) 226-5671','["Main Menu","Claims","Claim Status"]','Transferred to Agent',TRUE,TRUE,'Find Provider'),
('IVR0097','CALL0097',2024-09-20 17:54:00,'2024-09-20 17:54:00','(302) 571-2857','["Main Menu","Benefits","Deductible"]','Completed',FALSE,FALSE,'Speak to Agent'),
('IVR0098','CALL0098',2024-02-06 17:13:00,'2024-02-06 17:13:00','(796) 280-4793','["Main Menu","Benefits","Deductible"]','Completed',TRUE,FALSE,'Benefits Inquiry'),
('IVR0099','CALL0099',2024-12-18 17:55:00,'2024-12-18 17:55:00','(907) 759-5869','["Main Menu","Claims","Claim Status"]','Abandoned',FALSE,TRUE,'Prior Auth Status'),
('IVR0100','CALL0100',2024-01-10 14:05:00,'2024-01-10 14:05:00','(873) 541-5408','["Main Menu","Benefits","Deductible"]','Abandoned',TRUE,TRUE,'Check Claim Status');
